Orthographic,Phonemic,Orthographic_Unicode,Phoneme_Unicode
ㄱ,@,U+3131,U+0040
ㄲ,@,U+3132,U+0040
ㄴ,@,U+3134,U+0040
ㄷ,@,U+3137,U+0040
ㄸ,@,U+3138,U+0040
ㄹ,@,U+3139,U+0040
ㅁ,@,U+3141,U+0040
ㅂ,@,U+3142,U+0040
ㅃ,@,U+3143,U+0040
ㅅ,@,U+3145,U+0040
ㅆ,@,U+3146,U+0040
ㅇ,@,U+3147,U+0040
ㅈ,@,U+3148,U+0040
ㅉ,@,U+3149,U+0040
ㅊ,@,U+314A,U+0040
ㅋ,@,U+314B,U+0040
ㅌ,@,U+314C,U+0040
ㅍ,@,U+314D,U+0040
ㅎ,@,U+314E,U+0040
ㅏ,@,U+314F,U+0040
ㅐ,@,U+3150,U+0040
ㅑ,@,U+3151,U+0040
ㅒ,@,U+3152,U+0040
ㅓ,@,U+3153,U+0040
ㅔ,@,U+3154,U+0040
ㅕ,@,U+3155,U+0040
ㅖ,@,U+3156,U+0040
ㅗ,@,U+3157,U+0040
ㅘ,@,U+3158,U+0040
ㅙ,@,U+3159,U+0040
ㅚ,@,U+315A,U+0040
ㅛ,@,U+315B,U+0040
ㅜ,@,U+315C,U+0040
ㅝ,@,U+315D,U+0040
ㅞ,@,U+315E,U+0040
ㅟ,@,U+315F,U+0040
ㅠ,@,U+3160,U+0040
ㅡ,@,U+3161,U+0040
ㅢ,@,U+3162,U+0040
ㅣ,@,U+3163,U+0040
가,ka,U+AC00,U+006B U+0061
각,kak,U+AC01,U+006B U+0061 U+006B
간,kan,U+AC04,U+006B U+0061 U+006E
갇,kat,U+AC07,U+006B U+0061 U+0074
갈,kal,U+AC08,U+006B U+0061 U+006C
갉,kalk,U+AC09,U+006B U+0061 U+006C U+006B
갋,kalp,U+AC0B,U+006B U+0061 U+006C U+0070
감,kam,U+AC10,U+006B U+0061 U+006D
갑,kap,U+AC11,U+006B U+0061 U+0070
값,kaps,U+AC12,U+006B U+0061 U+0070 U+0073
갓,kas,U+AC13,U+006B U+0061 U+0073
강,kaŋ,U+AC15,U+006B U+0061 U+014B
갖,katʃ,U+AC16,U+006B U+0061 U+0074 U+0283
갗,katʃʰ,U+AC17,U+006B U+0061 U+0074 U+0283 U+02B0
같,katʰ,U+AC19,U+006B U+0061 U+0074 U+02B0
갚,kapʰ,U+AC1A,U+006B U+0061 U+0070 U+02B0
갛,kah,U+AC1B,U+006B U+0061 U+0068
개,kɛ,U+AC1C,U+006B U+025B
객,kɛk,U+AC1D,U+006B U+025B U+006B
갠,kɛn,U+AC20,U+006B U+025B U+006E
갤,kɛl,U+AC24,U+006B U+025B U+006C
갬,kɛm,U+AC2C,U+006B U+025B U+006D
갭,kɛp,U+AC2D,U+006B U+025B U+0070
갯,kɛs,U+AC2F,U+006B U+025B U+0073
갱,kɛŋ,U+AC31,U+006B U+025B U+014B
갸,kja,U+AC38,U+006B U+006A U+0061
갹,kjak,U+AC39,U+006B U+006A U+0061 U+006B
걀,kjal,U+AC40,U+006B U+006A U+0061 U+006C
걍,kjaŋ,U+AC4D,U+006B U+006A U+0061 U+014B
거,kʌ,U+AC70,U+006B U+028C
걱,kʌk,U+AC71,U+006B U+028C U+006B
건,kʌn,U+AC74,U+006B U+028C U+006E
걷,kʌt,U+AC77,U+006B U+028C U+0074
걸,kʌl,U+AC78,U+006B U+028C U+006C
검,kʌm,U+AC80,U+006B U+028C U+006D
겁,kʌp,U+AC81,U+006B U+028C U+0070
것,kʌs,U+AC83,U+006B U+028C U+0073
겅,kʌŋ,U+AC85,U+006B U+028C U+014B
겆,kʌtʃ,U+AC86,U+006B U+028C U+0074 U+0283
겉,kʌtʰ,U+AC89,U+006B U+028C U+0074 U+02B0
겊,kʌpʰ,U+AC8A,U+006B U+028C U+0070 U+02B0
겋,kʌh,U+AC8B,U+006B U+028C U+0068
게,ke,U+AC8C,U+006B U+0065
겐,ken,U+AC90,U+006B U+0065 U+006E
겔,kel,U+AC94,U+006B U+0065 U+006C
겜,kem,U+AC9C,U+006B U+0065 U+006D
겟,kes,U+AC9F,U+006B U+0065 U+0073
겡,keŋ,U+ACA1,U+006B U+0065 U+014B
겨,kjʌ,U+ACA8,U+006B U+006A U+028C
격,kjʌk,U+ACA9,U+006B U+006A U+028C U+006B
겪,kjʌk͈,U+ACAA,U+006B U+006A U+028C U+006B U+0348
견,kjʌn,U+ACAC,U+006B U+006A U+028C U+006E
겯,kjʌt,U+ACAF,U+006B U+006A U+028C U+0074
결,kjʌl,U+ACB0,U+006B U+006A U+028C U+006C
겸,kjʌm,U+ACB8,U+006B U+006A U+028C U+006D
겹,kjʌp,U+ACB9,U+006B U+006A U+028C U+0070
겻,kjʌs,U+ACBB,U+006B U+006A U+028C U+0073
경,kjʌŋ,U+ACBD,U+006B U+006A U+028C U+014B
곁,kjʌtʰ,U+ACC1,U+006B U+006A U+028C U+0074 U+02B0
계,kje,U+ACC4,U+006B U+006A U+0065
곕,kjep,U+ACD5,U+006B U+006A U+0065 U+0070
곗,kjes,U+ACD7,U+006B U+006A U+0065 U+0073
고,ko,U+ACE0,U+006B U+006F
곡,kok,U+ACE1,U+006B U+006F U+006B
곤,kon,U+ACE4,U+006B U+006F U+006E
곧,kot,U+ACE7,U+006B U+006F U+0074
골,kol,U+ACE8,U+006B U+006F U+006C
곪,kolm,U+ACEA,U+006B U+006F U+006C U+006D
곬,kols,U+ACEC,U+006B U+006F U+006C U+0073
곯,kolh,U+ACEF,U+006B U+006F U+006C U+0068
곰,kom,U+ACF0,U+006B U+006F U+006D
곱,kop,U+ACF1,U+006B U+006F U+0070
곳,kos,U+ACF3,U+006B U+006F U+0073
공,koŋ,U+ACF5,U+006B U+006F U+014B
곶,kotʃ,U+ACF6,U+006B U+006F U+0074 U+0283
과,kwa,U+ACFC,U+006B U+0077 U+0061
곽,kwak,U+ACFD,U+006B U+0077 U+0061 U+006B
관,kwan,U+AD00,U+006B U+0077 U+0061 U+006E
괄,kwal,U+AD04,U+006B U+0077 U+0061 U+006C
괌,kwam,U+AD0C,U+006B U+0077 U+0061 U+006D
괏,kwas,U+AD0F,U+006B U+0077 U+0061 U+0073
광,kwaŋ,U+AD11,U+006B U+0077 U+0061 U+014B
괘,kwɛ,U+AD18,U+006B U+0077 U+025B
괜,kwɛn,U+AD1C,U+006B U+0077 U+025B U+006E
괠,kwɛl,U+AD20,U+006B U+0077 U+025B U+006C
괫,kwɛs,U+AD2B,U+006B U+0077 U+025B U+0073
괭,kwɛŋ,U+AD2D,U+006B U+0077 U+025B U+014B
괴,kø,U+AD34,U+006B U+00F8
괵,køk,U+AD35,U+006B U+00F8 U+006B
굄,køm,U+AD44,U+006B U+00F8 U+006D
굇,køs,U+AD47,U+006B U+00F8 U+0073
굉,køŋ,U+AD49,U+006B U+00F8 U+014B
교,kjo,U+AD50,U+006B U+006A U+006F
굣,kjos,U+AD63,U+006B U+006A U+006F U+0073
구,ku,U+AD6C,U+006B U+0075
국,kuk,U+AD6D,U+006B U+0075 U+006B
군,kun,U+AD70,U+006B U+0075 U+006E
굳,kut,U+AD73,U+006B U+0075 U+0074
굴,kul,U+AD74,U+006B U+0075 U+006C
굵,kulk,U+AD75,U+006B U+0075 U+006C U+006B
굶,kulm,U+AD76,U+006B U+0075 U+006C U+006D
굻,kulh,U+AD7B,U+006B U+0075 U+006C U+0068
굼,kum,U+AD7C,U+006B U+0075 U+006D
굽,kup,U+AD7D,U+006B U+0075 U+0070
굿,kus,U+AD7F,U+006B U+0075 U+0073
궁,kuŋ,U+AD81,U+006B U+0075 U+014B
궂,kutʃ,U+AD82,U+006B U+0075 U+0074 U+0283
궈,kwʌ,U+AD88,U+006B U+0077 U+028C
궉,kwʌk,U+AD89,U+006B U+0077 U+028C U+006B
권,kwʌn,U+AD8C,U+006B U+0077 U+028C U+006E
궐,kwʌl,U+AD90,U+006B U+0077 U+028C U+006C
궤,kwe,U+ADA4,U+006B U+0077 U+0065
귀,kwi,U+ADC0,U+006B U+0077 U+0069
귄,kwin,U+ADC4,U+006B U+0077 U+0069 U+006E
귐,kwim,U+ADD0,U+006B U+0077 U+0069 U+006D
귓,kwis,U+ADD3,U+006B U+0077 U+0069 U+0073
규,kju,U+ADDC,U+006B U+006A U+0075
균,kjun,U+ADE0,U+006B U+006A U+0075 U+006E
귤,kjul,U+ADE4,U+006B U+006A U+0075 U+006C
그,kɨ,U+ADF8,U+006B U+0268
극,kɨk,U+ADF9,U+006B U+0268 U+006B
근,kɨn,U+ADFC,U+006B U+0268 U+006E
귿,kɨt,U+ADFF,U+006B U+0268 U+0074
글,kɨl,U+AE00,U+006B U+0268 U+006C
긁,kɨlk,U+AE01,U+006B U+0268 U+006C U+006B
금,kɨm,U+AE08,U+006B U+0268 U+006D
급,kɨp,U+AE09,U+006B U+0268 U+0070
긋,kɨs,U+AE0B,U+006B U+0268 U+0073
긍,kɨŋ,U+AE0D,U+006B U+0268 U+014B
긔,kɨi,U+AE14,U+006B U+0268 U+0069
기,ki,U+AE30,U+006B U+0069
긱,kik,U+AE31,U+006B U+0069 U+006B
긴,kin,U+AE34,U+006B U+0069 U+006E
긷,kit,U+AE37,U+006B U+0069 U+0074
길,kil,U+AE38,U+006B U+0069 U+006C
김,kim,U+AE40,U+006B U+0069 U+006D
깁,kip,U+AE41,U+006B U+0069 U+0070
깃,kis,U+AE43,U+006B U+0069 U+0073
깅,kiŋ,U+AE45,U+006B U+0069 U+014B
깆,kitʃ,U+AE46,U+006B U+0069 U+0074 U+0283
깊,kipʰ,U+AE4A,U+006B U+0069 U+0070 U+02B0
까,k͈a,U+AE4C,U+006B U+0348 U+0061
깍,k͈ak,U+AE4D,U+006B U+0348 U+0061 U+006B
깎,k͈ak͈,U+AE4E,U+006B U+0348 U+0061 U+006B U+0348
깐,k͈an,U+AE50,U+006B U+0348 U+0061 U+006E
깔,k͈al,U+AE54,U+006B U+0348 U+0061 U+006C
깜,k͈am,U+AE5C,U+006B U+0348 U+0061 U+006D
깝,k͈ap,U+AE5D,U+006B U+0348 U+0061 U+0070
깟,k͈as,U+AE5F,U+006B U+0348 U+0061 U+0073
깡,k͈aŋ,U+AE61,U+006B U+0348 U+0061 U+014B
깥,k͈atʰ,U+AE65,U+006B U+0348 U+0061 U+0074 U+02B0
깨,k͈ɛ,U+AE68,U+006B U+0348 U+025B
깩,k͈ɛk,U+AE69,U+006B U+0348 U+025B U+006B
깬,k͈ɛn,U+AE6C,U+006B U+0348 U+025B U+006E
깰,k͈ɛl,U+AE70,U+006B U+0348 U+025B U+006C
깸,k͈ɛm,U+AE78,U+006B U+0348 U+025B U+006D
깻,k͈ɛs,U+AE7B,U+006B U+0348 U+025B U+0073
깽,k͈ɛŋ,U+AE7D,U+006B U+0348 U+025B U+014B
꺄,k͈ja,U+AE84,U+006B U+0348 U+006A U+0061
꺅,k͈jak,U+AE85,U+006B U+0348 U+006A U+0061 U+006B
꺌,k͈jal,U+AE8C,U+006B U+0348 U+006A U+0061 U+006C
꺍,k͈jalk,U+AE8D,U+006B U+0348 U+006A U+0061 U+006C U+006B
꺼,k͈ʌ,U+AEBC,U+006B U+0348 U+028C
꺽,k͈ʌk,U+AEBD,U+006B U+0348 U+028C U+006B
꺾,k͈ʌk͈,U+AEBE,U+006B U+0348 U+028C U+006B U+0348
껀,k͈ʌn,U+AEC0,U+006B U+0348 U+028C U+006E
껄,k͈ʌl,U+AEC4,U+006B U+0348 U+028C U+006C
껌,k͈ʌm,U+AECC,U+006B U+0348 U+028C U+006D
껍,k͈ʌp,U+AECD,U+006B U+0348 U+028C U+0070
껏,k͈ʌs,U+AECF,U+006B U+0348 U+028C U+0073
껑,k͈ʌŋ,U+AED1,U+006B U+0348 U+028C U+014B
께,k͈e,U+AED8,U+006B U+0348 U+0065
껙,k͈ek,U+AED9,U+006B U+0348 U+0065 U+006B
껨,k͈em,U+AEE8,U+006B U+0348 U+0065 U+006D
껫,k͈es,U+AEEB,U+006B U+0348 U+0065 U+0073
껴,k͈jʌ,U+AEF4,U+006B U+0348 U+006A U+028C
껸,k͈jʌn,U+AEF8,U+006B U+0348 U+006A U+028C U+006E
꼅,k͈jʌp,U+AF05,U+006B U+0348 U+006A U+028C U+0070
꼇,k͈jʌs,U+AF07,U+006B U+0348 U+006A U+028C U+0073
꼉,k͈jʌŋ,U+AF09,U+006B U+0348 U+006A U+028C U+014B
꼍,k͈jʌtʰ,U+AF0D,U+006B U+0348 U+006A U+028C U+0074 U+02B0
꼐,k͈je,U+AF10,U+006B U+0348 U+006A U+0065
꼬,k͈o,U+AF2C,U+006B U+0348 U+006F
꼭,k͈ok,U+AF2D,U+006B U+0348 U+006F U+006B
꼰,k͈on,U+AF30,U+006B U+0348 U+006F U+006E
꼲,k͈onh,U+AF32,U+006B U+0348 U+006F U+006E U+0068
꼴,k͈ol,U+AF34,U+006B U+0348 U+006F U+006C
꼼,k͈om,U+AF3C,U+006B U+0348 U+006F U+006D
꼽,k͈op,U+AF3D,U+006B U+0348 U+006F U+0070
꼿,k͈os,U+AF3F,U+006B U+0348 U+006F U+0073
꽁,k͈oŋ,U+AF41,U+006B U+0348 U+006F U+014B
꽂,k͈otʃ,U+AF42,U+006B U+0348 U+006F U+0074 U+0283
꽃,k͈otʃʰ,U+AF43,U+006B U+0348 U+006F U+0074 U+0283 U+02B0
꽈,k͈wa,U+AF48,U+006B U+0348 U+0077 U+0061
꽉,k͈wak,U+AF49,U+006B U+0348 U+0077 U+0061 U+006B
꽐,k͈wal,U+AF50,U+006B U+0348 U+0077 U+0061 U+006C
꽛,k͈was,U+AF5B,U+006B U+0348 U+0077 U+0061 U+0073
꽝,k͈waŋ,U+AF5D,U+006B U+0348 U+0077 U+0061 U+014B
꽤,k͈wɛ,U+AF64,U+006B U+0348 U+0077 U+025B
꽥,k͈wɛk,U+AF65,U+006B U+0348 U+0077 U+025B U+006B
꽹,k͈wɛŋ,U+AF79,U+006B U+0348 U+0077 U+025B U+014B
꾀,k͈ø,U+AF80,U+006B U+0348 U+00F8
꾐,k͈øm,U+AF90,U+006B U+0348 U+00F8 U+006D
꾜,k͈jo,U+AF9C,U+006B U+0348 U+006A U+006F
꾸,k͈u,U+AFB8,U+006B U+0348 U+0075
꾹,k͈uk,U+AFB9,U+006B U+0348 U+0075 U+006B
꾼,k͈un,U+AFBC,U+006B U+0348 U+0075 U+006E
꿀,k͈ul,U+AFC0,U+006B U+0348 U+0075 U+006C
꿇,k͈ulh,U+AFC7,U+006B U+0348 U+0075 U+006C U+0068
꿈,k͈um,U+AFC8,U+006B U+0348 U+0075 U+006D
꿉,k͈up,U+AFC9,U+006B U+0348 U+0075 U+0070
꿋,k͈us,U+AFCB,U+006B U+0348 U+0075 U+0073
꿍,k͈uŋ,U+AFCD,U+006B U+0348 U+0075 U+014B
꿎,k͈utʃ,U+AFCE,U+006B U+0348 U+0075 U+0074 U+0283
꿔,k͈wʌ,U+AFD4,U+006B U+0348 U+0077 U+028C
꿜,k͈wʌl,U+AFDC,U+006B U+0348 U+0077 U+028C U+006C
꿩,k͈wʌŋ,U+AFE9,U+006B U+0348 U+0077 U+028C U+014B
꿰,k͈we,U+AFF0,U+006B U+0348 U+0077 U+0065
꿱,k͈wek,U+AFF1,U+006B U+0348 U+0077 U+0065 U+006B
꿸,k͈wel,U+AFF8,U+006B U+0348 U+0077 U+0065 U+006C
뀀,k͈wem,U+B000,U+006B U+0348 U+0077 U+0065 U+006D
뀌,k͈wi,U+B00C,U+006B U+0348 U+0077 U+0069
뀟,k͈wis,U+B01F,U+006B U+0348 U+0077 U+0069 U+0073
끄,k͈ɨ,U+B044,U+006B U+0348 U+0268
끅,k͈ɨk,U+B045,U+006B U+0348 U+0268 U+006B
끈,k͈ɨn,U+B048,U+006B U+0348 U+0268 U+006E
끊,k͈ɨnh,U+B04A,U+006B U+0348 U+0268 U+006E U+0068
끌,k͈ɨl,U+B04C,U+006B U+0348 U+0268 U+006C
끍,k͈ɨlk,U+B04D,U+006B U+0348 U+0268 U+006C U+006B
끎,k͈ɨlm,U+B04E,U+006B U+0348 U+0268 U+006C U+006D
끓,k͈ɨlh,U+B053,U+006B U+0348 U+0268 U+006C U+0068
끔,k͈ɨm,U+B054,U+006B U+0348 U+0268 U+006D
끕,k͈ɨp,U+B055,U+006B U+0348 U+0268 U+0070
끗,k͈ɨs,U+B057,U+006B U+0348 U+0268 U+0073
끙,k͈ɨŋ,U+B059,U+006B U+0348 U+0268 U+014B
끝,k͈ɨtʰ,U+B05D,U+006B U+0348 U+0268 U+0074 U+02B0
끠,k͈ɨi,U+B060,U+006B U+0348 U+0268 U+0069
끼,k͈i,U+B07C,U+006B U+0348 U+0069
끽,k͈ik,U+B07D,U+006B U+0348 U+0069 U+006B
낀,k͈in,U+B080,U+006B U+0348 U+0069 U+006E
낄,k͈il,U+B084,U+006B U+0348 U+0069 U+006C
낌,k͈im,U+B08C,U+006B U+0348 U+0069 U+006D
낏,k͈is,U+B08F,U+006B U+0348 U+0069 U+0073
낑,k͈iŋ,U+B091,U+006B U+0348 U+0069 U+014B
나,na,U+B098,U+006E U+0061
낙,nak,U+B099,U+006E U+0061 U+006B
낚,nak͈,U+B09A,U+006E U+0061 U+006B U+0348
난,nan,U+B09C,U+006E U+0061 U+006E
낟,nat,U+B09F,U+006E U+0061 U+0074
날,nal,U+B0A0,U+006E U+0061 U+006C
낡,nalk,U+B0A1,U+006E U+0061 U+006C U+006B
남,nam,U+B0A8,U+006E U+0061 U+006D
납,nap,U+B0A9,U+006E U+0061 U+0070
낫,nas,U+B0AB,U+006E U+0061 U+0073
낭,naŋ,U+B0AD,U+006E U+0061 U+014B
낮,natʃ,U+B0AE,U+006E U+0061 U+0074 U+0283
낯,natʃʰ,U+B0AF,U+006E U+0061 U+0074 U+0283 U+02B0
낱,natʰ,U+B0B1,U+006E U+0061 U+0074 U+02B0
낳,nah,U+B0B3,U+006E U+0061 U+0068
내,nɛ,U+B0B4,U+006E U+025B
낵,nɛk,U+B0B5,U+006E U+025B U+006B
낸,nɛn,U+B0B8,U+006E U+025B U+006E
낼,nɛl,U+B0BC,U+006E U+025B U+006C
냄,nɛm,U+B0C4,U+006E U+025B U+006D
냅,nɛp,U+B0C5,U+006E U+025B U+0070
냇,nɛs,U+B0C7,U+006E U+025B U+0073
냉,nɛŋ,U+B0C9,U+006E U+025B U+014B
냐,nja,U+B0D0,U+006E U+006A U+0061
냑,njak,U+B0D1,U+006E U+006A U+0061 U+006B
냔,njan,U+B0D4,U+006E U+006A U+0061 U+006E
냘,njal,U+B0D8,U+006E U+006A U+0061 U+006C
냠,njam,U+B0E0,U+006E U+006A U+0061 U+006D
냥,njaŋ,U+B0E5,U+006E U+006A U+0061 U+014B
너,nʌ,U+B108,U+006E U+028C
넉,nʌk,U+B109,U+006E U+028C U+006B
넋,nʌks,U+B10B,U+006E U+028C U+006B U+0073
넌,nʌn,U+B10C,U+006E U+028C U+006E
널,nʌl,U+B110,U+006E U+028C U+006C
넓,nʌlp,U+B113,U+006E U+028C U+006C U+0070
넘,nʌm,U+B118,U+006E U+028C U+006D
넙,nʌp,U+B119,U+006E U+028C U+0070
넛,nʌs,U+B11B,U+006E U+028C U+0073
넝,nʌŋ,U+B11D,U+006E U+028C U+014B
넣,nʌh,U+B123,U+006E U+028C U+0068
네,ne,U+B124,U+006E U+0065
넥,nek,U+B125,U+006E U+0065 U+006B
넨,nen,U+B128,U+006E U+0065 U+006E
넬,nel,U+B12C,U+006E U+0065 U+006C
넴,nem,U+B134,U+006E U+0065 U+006D
넵,nep,U+B135,U+006E U+0065 U+0070
넷,nes,U+B137,U+006E U+0065 U+0073
넹,neŋ,U+B139,U+006E U+0065 U+014B
녀,njʌ,U+B140,U+006E U+006A U+028C
녁,njʌk,U+B141,U+006E U+006A U+028C U+006B
년,njʌn,U+B144,U+006E U+006A U+028C U+006E
녈,njʌl,U+B148,U+006E U+006A U+028C U+006C
념,njʌm,U+B150,U+006E U+006A U+028C U+006D
녑,njʌp,U+B151,U+006E U+006A U+028C U+0070
녓,njʌs,U+B153,U+006E U+006A U+028C U+0073
녕,njʌŋ,U+B155,U+006E U+006A U+028C U+014B
녘,njʌkʰ,U+B158,U+006E U+006A U+028C U+006B U+02B0
녜,nje,U+B15C,U+006E U+006A U+0065
노,no,U+B178,U+006E U+006F
녹,nok,U+B179,U+006E U+006F U+006B
논,non,U+B17C,U+006E U+006F U+006E
놀,nol,U+B180,U+006E U+006F U+006C
놈,nom,U+B188,U+006E U+006F U+006D
놉,nop,U+B189,U+006E U+006F U+0070
놋,nos,U+B18B,U+006E U+006F U+0073
농,noŋ,U+B18D,U+006E U+006F U+014B
높,nopʰ,U+B192,U+006E U+006F U+0070 U+02B0
놓,noh,U+B193,U+006E U+006F U+0068
놔,nwa,U+B194,U+006E U+0077 U+0061
뇌,nø,U+B1CC,U+006E U+00F8
뇔,nøl,U+B1D4,U+006E U+00F8 U+006C
뇟,nøs,U+B1DF,U+006E U+00F8 U+0073
뇨,njo,U+B1E8,U+006E U+006A U+006F
뇰,njol,U+B1F0,U+006E U+006A U+006F U+006C
뇽,njoŋ,U+B1FD,U+006E U+006A U+006F U+014B
누,nu,U+B204,U+006E U+0075
눅,nuk,U+B205,U+006E U+0075 U+006B
눈,nun,U+B208,U+006E U+0075 U+006E
눋,nut,U+B20B,U+006E U+0075 U+0074
눌,nul,U+B20C,U+006E U+0075 U+006C
눔,num,U+B214,U+006E U+0075 U+006D
눕,nup,U+B215,U+006E U+0075 U+0070
눗,nus,U+B217,U+006E U+0075 U+0073
눙,nuŋ,U+B219,U+006E U+0075 U+014B
눠,nwʌ,U+B220,U+006E U+0077 U+028C
눰,nwʌm,U+B230,U+006E U+0077 U+028C U+006D
뉘,nwi,U+B258,U+006E U+0077 U+0069
뉨,nwim,U+B268,U+006E U+0077 U+0069 U+006D
뉫,nwis,U+B26B,U+006E U+0077 U+0069 U+0073
뉴,nju,U+B274,U+006E U+006A U+0075
뉵,njuk,U+B275,U+006E U+006A U+0075 U+006B
뉼,njul,U+B27C,U+006E U+006A U+0075 U+006C
늄,njum,U+B284,U+006E U+006A U+0075 U+006D
늉,njuŋ,U+B289,U+006E U+006A U+0075 U+014B
느,nɨ,U+B290,U+006E U+0268
늑,nɨk,U+B291,U+006E U+0268 U+006B
는,nɨn,U+B294,U+006E U+0268 U+006E
늘,nɨl,U+B298,U+006E U+0268 U+006C
늙,nɨlk,U+B299,U+006E U+0268 U+006C U+006B
늠,nɨm,U+B2A0,U+006E U+0268 U+006D
늡,nɨp,U+B2A1,U+006E U+0268 U+0070
늣,nɨs,U+B2A3,U+006E U+0268 U+0073
능,nɨŋ,U+B2A5,U+006E U+0268 U+014B
늦,nɨtʃ,U+B2A6,U+006E U+0268 U+0074 U+0283
늧,nɨtʃʰ,U+B2A7,U+006E U+0268 U+0074 U+0283 U+02B0
늪,nɨpʰ,U+B2AA,U+006E U+0268 U+0070 U+02B0
늬,nɨi,U+B2AC,U+006E U+0268 U+0069
늴,nɨil,U+B2B4,U+006E U+0268 U+0069 U+006C
늿,nɨis,U+B2BF,U+006E U+0268 U+0069 U+0073
닁,nɨiŋ,U+B2C1,U+006E U+0268 U+0069 U+014B
니,ni,U+B2C8,U+006E U+0069
닉,nik,U+B2C9,U+006E U+0069 U+006B
닌,nin,U+B2CC,U+006E U+0069 U+006E
닐,nil,U+B2D0,U+006E U+0069 U+006C
님,nim,U+B2D8,U+006E U+0069 U+006D
닙,nip,U+B2D9,U+006E U+0069 U+0070
닛,nis,U+B2DB,U+006E U+0069 U+0073
닝,niŋ,U+B2DD,U+006E U+0069 U+014B
닢,nipʰ,U+B2E2,U+006E U+0069 U+0070 U+02B0
다,ta,U+B2E4,U+0074 U+0061
닥,tak,U+B2E5,U+0074 U+0061 U+006B
닦,tak͈,U+B2E6,U+0074 U+0061 U+006B U+0348
단,tan,U+B2E8,U+0074 U+0061 U+006E
닫,tat,U+B2EB,U+0074 U+0061 U+0074
달,tal,U+B2EC,U+0074 U+0061 U+006C
닭,talk,U+B2ED,U+0074 U+0061 U+006C U+006B
닮,talm,U+B2EE,U+0074 U+0061 U+006C U+006D
닯,talp,U+B2EF,U+0074 U+0061 U+006C U+0070
닲,talpʰ,U+B2F2,U+0074 U+0061 U+006C U+0070 U+02B0
닳,talh,U+B2F3,U+0074 U+0061 U+006C U+0068
담,tam,U+B2F4,U+0074 U+0061 U+006D
답,tap,U+B2F5,U+0074 U+0061 U+0070
닷,tas,U+B2F7,U+0074 U+0061 U+0073
당,taŋ,U+B2F9,U+0074 U+0061 U+014B
닺,tatʃ,U+B2FA,U+0074 U+0061 U+0074 U+0283
닻,tatʃʰ,U+B2FB,U+0074 U+0061 U+0074 U+0283 U+02B0
닿,tah,U+B2FF,U+0074 U+0061 U+0068
대,tɛ,U+B300,U+0074 U+025B
댁,tɛk,U+B301,U+0074 U+025B U+006B
댄,tɛn,U+B304,U+0074 U+025B U+006E
댈,tɛl,U+B308,U+0074 U+025B U+006C
댐,tɛm,U+B310,U+0074 U+025B U+006D
댑,tɛp,U+B311,U+0074 U+025B U+0070
댓,tɛs,U+B313,U+0074 U+025B U+0073
댕,tɛŋ,U+B315,U+0074 U+025B U+014B
댜,tja,U+B31C,U+0074 U+006A U+0061
더,tʌ,U+B354,U+0074 U+028C
덕,tʌk,U+B355,U+0074 U+028C U+006B
덖,tʌk͈,U+B356,U+0074 U+028C U+006B U+0348
덗,tʌks,U+B357,U+0074 U+028C U+006B U+0073
던,tʌn,U+B358,U+0074 U+028C U+006E
덜,tʌl,U+B35C,U+0074 U+028C U+006C
덟,tʌlp,U+B35F,U+0074 U+028C U+006C U+0070
덤,tʌm,U+B364,U+0074 U+028C U+006D
덥,tʌp,U+B365,U+0074 U+028C U+0070
덧,tʌs,U+B367,U+0074 U+028C U+0073
덩,tʌŋ,U+B369,U+0074 U+028C U+014B
덫,tʌtʃʰ,U+B36B,U+0074 U+028C U+0074 U+0283 U+02B0
덮,tʌpʰ,U+B36E,U+0074 U+028C U+0070 U+02B0
데,te,U+B370,U+0074 U+0065
덱,tek,U+B371,U+0074 U+0065 U+006B
덴,ten,U+B374,U+0074 U+0065 U+006E
델,tel,U+B378,U+0074 U+0065 U+006C
뎀,tem,U+B380,U+0074 U+0065 U+006D
뎃,tes,U+B383,U+0074 U+0065 U+0073
뎅,teŋ,U+B385,U+0074 U+0065 U+014B
뎌,tjʌ,U+B38C,U+0074 U+006A U+028C
뎬,tjen,U+B3AC,U+0074 U+006A U+0065 U+006E
도,to,U+B3C4,U+0074 U+006F
독,tok,U+B3C5,U+0074 U+006F U+006B
돈,ton,U+B3C8,U+0074 U+006F U+006E
돋,tot,U+B3CB,U+0074 U+006F U+0074
돌,tol,U+B3CC,U+0074 U+006F U+006C
돐,tols,U+B3D0,U+0074 U+006F U+006C U+0073
돔,tom,U+B3D4,U+0074 U+006F U+006D
돕,top,U+B3D5,U+0074 U+006F U+0070
돗,tos,U+B3D7,U+0074 U+006F U+0073
동,toŋ,U+B3D9,U+0074 U+006F U+014B
돚,totʃ,U+B3DA,U+0074 U+006F U+0074 U+0283
돛,totʃʰ,U+B3DB,U+0074 U+006F U+0074 U+0283 U+02B0
돝,totʰ,U+B3DD,U+0074 U+006F U+0074 U+02B0
돠,twa,U+B3E0,U+0074 U+0077 U+0061
돤,twan,U+B3E4,U+0074 U+0077 U+0061 U+006E
돨,twal,U+B3E8,U+0074 U+0077 U+0061 U+006C
돼,twɛ,U+B3FC,U+0074 U+0077 U+025B
되,tø,U+B418,U+0074 U+00F8
된,tøn,U+B41C,U+0074 U+00F8 U+006E
될,tøl,U+B420,U+0074 U+00F8 U+006C
됨,tøm,U+B428,U+0074 U+00F8 U+006D
됫,tøs,U+B42B,U+0074 U+00F8 U+0073
됭,tøŋ,U+B42D,U+0074 U+00F8 U+014B
두,tu,U+B450,U+0074 U+0075
둑,tuk,U+B451,U+0074 U+0075 U+006B
둔,tun,U+B454,U+0074 U+0075 U+006E
둘,tul,U+B458,U+0074 U+0075 U+006C
둠,tum,U+B460,U+0074 U+0075 U+006D
둡,tup,U+B461,U+0074 U+0075 U+0070
둣,tus,U+B463,U+0074 U+0075 U+0073
둥,tuŋ,U+B465,U+0074 U+0075 U+014B
둬,twʌ,U+B46C,U+0074 U+0077 U+028C
둼,twʌm,U+B47C,U+0074 U+0077 U+028C U+006D
뒈,twe,U+B488,U+0074 U+0077 U+0065
뒝,tweŋ,U+B49D,U+0074 U+0077 U+0065 U+014B
뒤,twi,U+B4A4,U+0074 U+0077 U+0069
뒨,twin,U+B4A8,U+0074 U+0077 U+0069 U+006E
뒬,twil,U+B4AC,U+0074 U+0077 U+0069 U+006C
뒴,twim,U+B4B4,U+0074 U+0077 U+0069 U+006D
뒵,twip,U+B4B5,U+0074 U+0077 U+0069 U+0070
뒷,twis,U+B4B7,U+0074 U+0077 U+0069 U+0073
뒹,twiŋ,U+B4B9,U+0074 U+0077 U+0069 U+014B
듀,tju,U+B4C0,U+0074 U+006A U+0075
듈,tjul,U+B4C8,U+0074 U+006A U+0075 U+006C
듐,tjum,U+B4D0,U+0074 U+006A U+0075 U+006D
드,tɨ,U+B4DC,U+0074 U+0268
득,tɨk,U+B4DD,U+0074 U+0268 U+006B
든,tɨn,U+B4E0,U+0074 U+0268 U+006E
듣,tɨt,U+B4E3,U+0074 U+0268 U+0074
들,tɨl,U+B4E4,U+0074 U+0268 U+006C
듦,tɨlm,U+B4E6,U+0074 U+0268 U+006C U+006D
듬,tɨm,U+B4EC,U+0074 U+0268 U+006D
듭,tɨp,U+B4ED,U+0074 U+0268 U+0070
듯,tɨs,U+B4EF,U+0074 U+0268 U+0073
등,tɨŋ,U+B4F1,U+0074 U+0268 U+014B
듸,tɨi,U+B4F8,U+0074 U+0268 U+0069
디,ti,U+B514,U+0074 U+0069
딕,tik,U+B515,U+0074 U+0069 U+006B
딘,tin,U+B518,U+0074 U+0069 U+006E
딛,tit,U+B51B,U+0074 U+0069 U+0074
딜,til,U+B51C,U+0074 U+0069 U+006C
딤,tim,U+B524,U+0074 U+0069 U+006D
딥,tip,U+B525,U+0074 U+0069 U+0070
딧,tis,U+B527,U+0074 U+0069 U+0073
딩,tiŋ,U+B529,U+0074 U+0069 U+014B
딪,titʃ,U+B52A,U+0074 U+0069 U+0074 U+0283
따,t͈a,U+B530,U+0074 U+0348 U+0061
딱,t͈ak,U+B531,U+0074 U+0348 U+0061 U+006B
딲,t͈ak͈,U+B532,U+0074 U+0348 U+0061 U+006B U+0348
딴,t͈an,U+B534,U+0074 U+0348 U+0061 U+006E
딸,t͈al,U+B538,U+0074 U+0348 U+0061 U+006C
딿,t͈alh,U+B53F,U+0074 U+0348 U+0061 U+006C U+0068
땀,t͈am,U+B540,U+0074 U+0348 U+0061 U+006D
땁,t͈ap,U+B541,U+0074 U+0348 U+0061 U+0070
땃,t͈as,U+B543,U+0074 U+0348 U+0061 U+0073
땅,t͈aŋ,U+B545,U+0074 U+0348 U+0061 U+014B
땋,t͈ah,U+B54B,U+0074 U+0348 U+0061 U+0068
때,t͈ɛ,U+B54C,U+0074 U+0348 U+025B
땍,t͈ɛk,U+B54D,U+0074 U+0348 U+025B U+006B
땔,t͈ɛl,U+B554,U+0074 U+0348 U+025B U+006C
땜,t͈ɛm,U+B55C,U+0074 U+0348 U+025B U+006D
땟,t͈ɛs,U+B55F,U+0074 U+0348 U+025B U+0073
땡,t͈ɛŋ,U+B561,U+0074 U+0348 U+025B U+014B
떠,t͈ʌ,U+B5A0,U+0074 U+0348 U+028C
떡,t͈ʌk,U+B5A1,U+0074 U+0348 U+028C U+006B
떤,t͈ʌn,U+B5A4,U+0074 U+0348 U+028C U+006E
떨,t͈ʌl,U+B5A8,U+0074 U+0348 U+028C U+006C
떫,t͈ʌlp,U+B5AB,U+0074 U+0348 U+028C U+006C U+0070
떰,t͈ʌm,U+B5B0,U+0074 U+0348 U+028C U+006D
떱,t͈ʌp,U+B5B1,U+0074 U+0348 U+028C U+0070
떳,t͈ʌs,U+B5B3,U+0074 U+0348 U+028C U+0073
떵,t͈ʌŋ,U+B5B5,U+0074 U+0348 U+028C U+014B
떻,t͈ʌh,U+B5BB,U+0074 U+0348 U+028C U+0068
떼,t͈e,U+B5BC,U+0074 U+0348 U+0065
떽,t͈ek,U+B5BD,U+0074 U+0348 U+0065 U+006B
뗀,t͈en,U+B5C0,U+0074 U+0348 U+0065 U+006E
뗌,t͈em,U+B5CC,U+0074 U+0348 U+0065 U+006D
뗏,t͈es,U+B5CF,U+0074 U+0348 U+0065 U+0073
뗑,t͈eŋ,U+B5D1,U+0074 U+0348 U+0065 U+014B
또,t͈o,U+B610,U+0074 U+0348 U+006F
똑,t͈ok,U+B611,U+0074 U+0348 U+006F U+006B
똘,t͈ol,U+B618,U+0074 U+0348 U+006F U+006C
똥,t͈oŋ,U+B625,U+0074 U+0348 U+006F U+014B
똬,t͈wa,U+B62C,U+0074 U+0348 U+0077 U+0061
똴,t͈wal,U+B634,U+0074 U+0348 U+0077 U+0061 U+006C
뙈,t͈wɛ,U+B648,U+0074 U+0348 U+0077 U+025B
뙤,t͈ø,U+B664,U+0074 U+0348 U+00F8
뚜,t͈u,U+B69C,U+0074 U+0348 U+0075
뚝,t͈uk,U+B69D,U+0074 U+0348 U+0075 U+006B
뚤,t͈ul,U+B6A4,U+0074 U+0348 U+0075 U+006C
뚫,t͈ulh,U+B6AB,U+0074 U+0348 U+0075 U+006C U+0068
뚱,t͈uŋ,U+B6B1,U+0074 U+0348 U+0075 U+014B
뛰,t͈wi,U+B6F0,U+0074 U+0348 U+0077 U+0069
뛸,t͈wil,U+B6F8,U+0074 U+0348 U+0077 U+0069 U+006C
뜀,t͈wim,U+B700,U+0074 U+0348 U+0077 U+0069 U+006D
뜨,t͈ɨ,U+B728,U+0074 U+0348 U+0268
뜩,t͈ɨk,U+B729,U+0074 U+0348 U+0268 U+006B
뜬,t͈ɨn,U+B72C,U+0074 U+0348 U+0268 U+006E
뜯,t͈ɨt,U+B72F,U+0074 U+0348 U+0268 U+0074
뜰,t͈ɨl,U+B730,U+0074 U+0348 U+0268 U+006C
뜸,t͈ɨm,U+B738,U+0074 U+0348 U+0268 U+006D
뜻,t͈ɨs,U+B73B,U+0074 U+0348 U+0268 U+0073
뜽,t͈ɨŋ,U+B73D,U+0074 U+0348 U+0268 U+014B
띄,t͈ɨi,U+B744,U+0074 U+0348 U+0268 U+0069
띔,t͈ɨim,U+B754,U+0074 U+0348 U+0268 U+0069 U+006D
띙,t͈ɨiŋ,U+B759,U+0074 U+0348 U+0268 U+0069 U+014B
띠,t͈i,U+B760,U+0074 U+0348 U+0069
띤,t͈in,U+B764,U+0074 U+0348 U+0069 U+006E
띰,t͈im,U+B770,U+0074 U+0348 U+0069 U+006D
띳,t͈is,U+B773,U+0074 U+0348 U+0069 U+0073
띵,t͈iŋ,U+B775,U+0074 U+0348 U+0069 U+014B
라,la,U+B77C,U+006C U+0061
락,lak,U+B77D,U+006C U+0061 U+006B
란,lan,U+B780,U+006C U+0061 U+006E
랄,lal,U+B784,U+006C U+0061 U+006C
람,lam,U+B78C,U+006C U+0061 U+006D
랍,lap,U+B78D,U+006C U+0061 U+0070
랏,las,U+B78F,U+006C U+0061 U+0073
랑,laŋ,U+B791,U+006C U+0061 U+014B
랒,latʃ,U+B792,U+006C U+0061 U+0074 U+0283
랖,lapʰ,U+B796,U+006C U+0061 U+0070 U+02B0
랗,lah,U+B797,U+006C U+0061 U+0068
래,lɛ,U+B798,U+006C U+025B
랙,lɛk,U+B799,U+006C U+025B U+006B
랜,lɛn,U+B79C,U+006C U+025B U+006E
랠,lɛl,U+B7A0,U+006C U+025B U+006C
램,lɛm,U+B7A8,U+006C U+025B U+006D
랩,lɛp,U+B7A9,U+006C U+025B U+0070
랫,lɛs,U+B7AB,U+006C U+025B U+0073
랭,lɛŋ,U+B7AD,U+006C U+025B U+014B
랴,lja,U+B7B4,U+006C U+006A U+0061
략,ljak,U+B7B5,U+006C U+006A U+0061 U+006B
랸,ljan,U+B7B8,U+006C U+006A U+0061 U+006E
럄,ljam,U+B7C4,U+006C U+006A U+0061 U+006D
량,ljaŋ,U+B7C9,U+006C U+006A U+0061 U+014B
러,lʌ,U+B7EC,U+006C U+028C
럭,lʌk,U+B7ED,U+006C U+028C U+006B
런,lʌn,U+B7F0,U+006C U+028C U+006E
럴,lʌl,U+B7F4,U+006C U+028C U+006C
럼,lʌm,U+B7FC,U+006C U+028C U+006D
럽,lʌp,U+B7FD,U+006C U+028C U+0070
럿,lʌs,U+B7FF,U+006C U+028C U+0073
렁,lʌŋ,U+B801,U+006C U+028C U+014B
렇,lʌh,U+B807,U+006C U+028C U+0068
레,le,U+B808,U+006C U+0065
렉,lek,U+B809,U+006C U+0065 U+006B
렌,len,U+B80C,U+006C U+0065 U+006E
렐,lel,U+B810,U+006C U+0065 U+006C
렘,lem,U+B818,U+006C U+0065 U+006D
렙,lep,U+B819,U+006C U+0065 U+0070
렛,les,U+B81B,U+006C U+0065 U+0073
렝,leŋ,U+B81D,U+006C U+0065 U+014B
려,ljʌ,U+B824,U+006C U+006A U+028C
력,ljʌk,U+B825,U+006C U+006A U+028C U+006B
련,ljʌn,U+B828,U+006C U+006A U+028C U+006E
렬,ljʌl,U+B82C,U+006C U+006A U+028C U+006C
렴,ljʌm,U+B834,U+006C U+006A U+028C U+006D
렵,ljʌp,U+B835,U+006C U+006A U+028C U+0070
렷,ljʌs,U+B837,U+006C U+006A U+028C U+0073
령,ljʌŋ,U+B839,U+006C U+006A U+028C U+014B
례,lje,U+B840,U+006C U+006A U+0065
롄,ljen,U+B844,U+006C U+006A U+0065 U+006E
롓,ljes,U+B853,U+006C U+006A U+0065 U+0073
로,lo,U+B85C,U+006C U+006F
록,lok,U+B85D,U+006C U+006F U+006B
론,lon,U+B860,U+006C U+006F U+006E
롤,lol,U+B864,U+006C U+006F U+006C
롬,lom,U+B86C,U+006C U+006F U+006D
롭,lop,U+B86D,U+006C U+006F U+0070
롯,los,U+B86F,U+006C U+006F U+0073
롱,loŋ,U+B871,U+006C U+006F U+014B
롸,lwa,U+B878,U+006C U+0077 U+0061
뢰,lø,U+B8B0,U+006C U+00F8
뢴,løn,U+B8B4,U+006C U+00F8 U+006E
뢸,løl,U+B8B8,U+006C U+00F8 U+006C
룀,løm,U+B8C0,U+006C U+00F8 U+006D
룃,løs,U+B8C3,U+006C U+00F8 U+0073
룅,løŋ,U+B8C5,U+006C U+00F8 U+014B
료,ljo,U+B8CC,U+006C U+006A U+006F
룔,ljol,U+B8D4,U+006C U+006A U+006F U+006C
룡,ljoŋ,U+B8E1,U+006C U+006A U+006F U+014B
루,lu,U+B8E8,U+006C U+0075
룩,luk,U+B8E9,U+006C U+0075 U+006B
룬,lun,U+B8EC,U+006C U+0075 U+006E
룰,lul,U+B8F0,U+006C U+0075 U+006C
룸,lum,U+B8F8,U+006C U+0075 U+006D
룹,lup,U+B8F9,U+006C U+0075 U+0070
룻,lus,U+B8FB,U+006C U+0075 U+0073
룽,luŋ,U+B8FD,U+006C U+0075 U+014B
뤄,lwʌ,U+B904,U+006C U+0077 U+028C
뤼,lwi,U+B93C,U+006C U+0077 U+0069
륀,lwin,U+B940,U+006C U+0077 U+0069 U+006E
륄,lwil,U+B944,U+006C U+0077 U+0069 U+006C
류,lju,U+B958,U+006C U+006A U+0075
륙,ljuk,U+B959,U+006C U+006A U+0075 U+006B
륜,ljun,U+B95C,U+006C U+006A U+0075 U+006E
률,ljul,U+B960,U+006C U+006A U+0075 U+006C
륨,ljum,U+B968,U+006C U+006A U+0075 U+006D
륭,ljuŋ,U+B96D,U+006C U+006A U+0075 U+014B
르,lɨ,U+B974,U+006C U+0268
륵,lɨk,U+B975,U+006C U+0268 U+006B
른,lɨn,U+B978,U+006C U+0268 U+006E
를,lɨl,U+B97C,U+006C U+0268 U+006C
름,lɨm,U+B984,U+006C U+0268 U+006D
릅,lɨp,U+B985,U+006C U+0268 U+0070
릇,lɨs,U+B987,U+006C U+0268 U+0073
릉,lɨŋ,U+B989,U+006C U+0268 U+014B
릊,lɨtʃ,U+B98A,U+006C U+0268 U+0074 U+0283
릍,lɨtʰ,U+B98D,U+006C U+0268 U+0074 U+02B0
릎,lɨpʰ,U+B98E,U+006C U+0268 U+0070 U+02B0
리,li,U+B9AC,U+006C U+0069
릭,lik,U+B9AD,U+006C U+0069 U+006B
린,lin,U+B9B0,U+006C U+0069 U+006E
릴,lil,U+B9B4,U+006C U+0069 U+006C
림,lim,U+B9BC,U+006C U+0069 U+006D
립,lip,U+B9BD,U+006C U+0069 U+0070
릿,lis,U+B9BF,U+006C U+0069 U+0073
링,liŋ,U+B9C1,U+006C U+0069 U+014B
마,ma,U+B9C8,U+006D U+0061
막,mak,U+B9C9,U+006D U+0061 U+006B
만,man,U+B9CC,U+006D U+0061 U+006E
많,manh,U+B9CE,U+006D U+0061 U+006E U+0068
맏,mat,U+B9CF,U+006D U+0061 U+0074
말,mal,U+B9D0,U+006D U+0061 U+006C
맑,malk,U+B9D1,U+006D U+0061 U+006C U+006B
맘,mam,U+B9D8,U+006D U+0061 U+006D
맙,map,U+B9D9,U+006D U+0061 U+0070
맛,mas,U+B9DB,U+006D U+0061 U+0073
망,maŋ,U+B9DD,U+006D U+0061 U+014B
맞,matʃ,U+B9DE,U+006D U+0061 U+0074 U+0283
맟,matʃʰ,U+B9DF,U+006D U+0061 U+0074 U+0283 U+02B0
맡,matʰ,U+B9E1,U+006D U+0061 U+0074 U+02B0
맣,mah,U+B9E3,U+006D U+0061 U+0068
매,mɛ,U+B9E4,U+006D U+025B
맥,mɛk,U+B9E5,U+006D U+025B U+006B
맨,mɛn,U+B9E8,U+006D U+025B U+006E
맬,mɛl,U+B9EC,U+006D U+025B U+006C
맴,mɛm,U+B9F4,U+006D U+025B U+006D
맵,mɛp,U+B9F5,U+006D U+025B U+0070
맷,mɛs,U+B9F7,U+006D U+025B U+0073
맹,mɛŋ,U+B9F9,U+006D U+025B U+014B
맺,mɛtʃ,U+B9FA,U+006D U+025B U+0074 U+0283
먀,mja,U+BA00,U+006D U+006A U+0061
먁,mjak,U+BA01,U+006D U+006A U+0061 U+006B
먈,mjal,U+BA08,U+006D U+006A U+0061 U+006C
먕,mjaŋ,U+BA15,U+006D U+006A U+0061 U+014B
머,mʌ,U+BA38,U+006D U+028C
먹,mʌk,U+BA39,U+006D U+028C U+006B
먼,mʌn,U+BA3C,U+006D U+028C U+006E
멀,mʌl,U+BA40,U+006D U+028C U+006C
멈,mʌm,U+BA48,U+006D U+028C U+006D
멋,mʌs,U+BA4B,U+006D U+028C U+0073
멍,mʌŋ,U+BA4D,U+006D U+028C U+014B
멎,mʌtʃ,U+BA4E,U+006D U+028C U+0074 U+0283
멓,mʌh,U+BA53,U+006D U+028C U+0068
메,me,U+BA54,U+006D U+0065
멕,mek,U+BA55,U+006D U+0065 U+006B
멘,men,U+BA58,U+006D U+0065 U+006E
멜,mel,U+BA5C,U+006D U+0065 U+006C
멤,mem,U+BA64,U+006D U+0065 U+006D
멥,mep,U+BA65,U+006D U+0065 U+0070
멧,mes,U+BA67,U+006D U+0065 U+0073
멩,meŋ,U+BA69,U+006D U+0065 U+014B
며,mjʌ,U+BA70,U+006D U+006A U+028C
멱,mjʌk,U+BA71,U+006D U+006A U+028C U+006B
면,mjʌn,U+BA74,U+006D U+006A U+028C U+006E
멸,mjʌl,U+BA78,U+006D U+006A U+028C U+006C
몃,mjʌs,U+BA83,U+006D U+006A U+028C U+0073
명,mjʌŋ,U+BA85,U+006D U+006A U+028C U+014B
몇,mjʌtʃʰ,U+BA87,U+006D U+006A U+028C U+0074 U+0283 U+02B0
몌,mje,U+BA8C,U+006D U+006A U+0065
모,mo,U+BAA8,U+006D U+006F
목,mok,U+BAA9,U+006D U+006F U+006B
몫,moks,U+BAAB,U+006D U+006F U+006B U+0073
몬,mon,U+BAAC,U+006D U+006F U+006E
몯,mot,U+BAAF,U+006D U+006F U+0074
몰,mol,U+BAB0,U+006D U+006F U+006C
몸,mom,U+BAB8,U+006D U+006F U+006D
몹,mop,U+BAB9,U+006D U+006F U+0070
못,mos,U+BABB,U+006D U+006F U+0073
몽,moŋ,U+BABD,U+006D U+006F U+014B
뫼,mø,U+BAFC,U+006D U+00F8
묀,møn,U+BB00,U+006D U+00F8 U+006E
묄,møl,U+BB04,U+006D U+00F8 U+006C
묏,møs,U+BB0F,U+006D U+00F8 U+0073
묑,møŋ,U+BB11,U+006D U+00F8 U+014B
묘,mjo,U+BB18,U+006D U+006A U+006F
묫,mjos,U+BB2B,U+006D U+006A U+006F U+0073
무,mu,U+BB34,U+006D U+0075
묵,muk,U+BB35,U+006D U+0075 U+006B
묶,muk͈,U+BB36,U+006D U+0075 U+006B U+0348
문,mun,U+BB38,U+006D U+0075 U+006E
묻,mut,U+BB3B,U+006D U+0075 U+0074
물,mul,U+BB3C,U+006D U+0075 U+006C
묽,mulk,U+BB3D,U+006D U+0075 U+006C U+006B
뭄,mum,U+BB44,U+006D U+0075 U+006D
뭇,mus,U+BB47,U+006D U+0075 U+0073
뭉,muŋ,U+BB49,U+006D U+0075 U+014B
뭍,mutʰ,U+BB4D,U+006D U+0075 U+0074 U+02B0
뭏,muh,U+BB4F,U+006D U+0075 U+0068
뭐,mwʌ,U+BB50,U+006D U+0077 U+028C
뭔,mwʌn,U+BB54,U+006D U+0077 U+028C U+006E
뭘,mwʌl,U+BB58,U+006D U+0077 U+028C U+006C
뭣,mwʌs,U+BB63,U+006D U+0077 U+028C U+0073
뮈,mwi,U+BB88,U+006D U+0077 U+0069
뮌,mwin,U+BB8C,U+006D U+0077 U+0069 U+006E
뮐,mwil,U+BB90,U+006D U+0077 U+0069 U+006C
뮤,mju,U+BBA4,U+006D U+006A U+0075
뮨,mjun,U+BBA8,U+006D U+006A U+0075 U+006E
뮬,mjul,U+BBAC,U+006D U+006A U+0075 U+006C
뮴,mjum,U+BBB4,U+006D U+006A U+0075 U+006D
므,mɨ,U+BBC0,U+006D U+0268
믄,mɨn,U+BBC4,U+006D U+0268 U+006E
믈,mɨl,U+BBC8,U+006D U+0268 U+006C
믐,mɨm,U+BBD0,U+006D U+0268 U+006D
믜,mɨi,U+BBDC,U+006D U+0268 U+0069
미,mi,U+BBF8,U+006D U+0069
믹,mik,U+BBF9,U+006D U+0069 U+006B
민,min,U+BBFC,U+006D U+0069 U+006E
믿,mit,U+BBFF,U+006D U+0069 U+0074
밀,mil,U+BC00,U+006D U+0069 U+006C
밈,mim,U+BC08,U+006D U+0069 U+006D
밉,mip,U+BC09,U+006D U+0069 U+0070
밋,mis,U+BC0B,U+006D U+0069 U+0073
밌,mis͈,U+BC0C,U+006D U+0069 U+0073 U+0348
밍,miŋ,U+BC0D,U+006D U+0069 U+014B
및,mitʃʰ,U+BC0F,U+006D U+0069 U+0074 U+0283 U+02B0
밑,mitʰ,U+BC11,U+006D U+0069 U+0074 U+02B0
바,pa,U+BC14,U+0070 U+0061
박,pak,U+BC15,U+0070 U+0061 U+006B
밖,pak͈,U+BC16,U+0070 U+0061 U+006B U+0348
밗,paks,U+BC17,U+0070 U+0061 U+006B U+0073
반,pan,U+BC18,U+0070 U+0061 U+006E
받,pat,U+BC1B,U+0070 U+0061 U+0074
발,pal,U+BC1C,U+0070 U+0061 U+006C
밝,palk,U+BC1D,U+0070 U+0061 U+006C U+006B
밞,palm,U+BC1E,U+0070 U+0061 U+006C U+006D
밟,palp,U+BC1F,U+0070 U+0061 U+006C U+0070
밤,pam,U+BC24,U+0070 U+0061 U+006D
밥,pap,U+BC25,U+0070 U+0061 U+0070
밧,pas,U+BC27,U+0070 U+0061 U+0073
방,paŋ,U+BC29,U+0070 U+0061 U+014B
밭,patʰ,U+BC2D,U+0070 U+0061 U+0074 U+02B0
배,pɛ,U+BC30,U+0070 U+025B
백,pɛk,U+BC31,U+0070 U+025B U+006B
밴,pɛn,U+BC34,U+0070 U+025B U+006E
밸,pɛl,U+BC38,U+0070 U+025B U+006C
뱀,pɛm,U+BC40,U+0070 U+025B U+006D
뱁,pɛp,U+BC41,U+0070 U+025B U+0070
뱃,pɛs,U+BC43,U+0070 U+025B U+0073
뱅,pɛŋ,U+BC45,U+0070 U+025B U+014B
뱉,pɛtʰ,U+BC49,U+0070 U+025B U+0074 U+02B0
뱌,pja,U+BC4C,U+0070 U+006A U+0061
뱍,pjak,U+BC4D,U+0070 U+006A U+0061 U+006B
뱐,pjan,U+BC50,U+0070 U+006A U+0061 U+006E
뱝,pjap,U+BC5D,U+0070 U+006A U+0061 U+0070
뱟,pjas,U+BC5F,U+0070 U+006A U+0061 U+0073
뱡,pjaŋ,U+BC61,U+0070 U+006A U+0061 U+014B
버,pʌ,U+BC84,U+0070 U+028C
벅,pʌk,U+BC85,U+0070 U+028C U+006B
번,pʌn,U+BC88,U+0070 U+028C U+006E
벋,pʌt,U+BC8B,U+0070 U+028C U+0074
벌,pʌl,U+BC8C,U+0070 U+028C U+006C
범,pʌm,U+BC94,U+0070 U+028C U+006D
법,pʌp,U+BC95,U+0070 U+028C U+0070
벗,pʌs,U+BC97,U+0070 U+028C U+0073
벙,pʌŋ,U+BC99,U+0070 U+028C U+014B
벚,pʌtʃ,U+BC9A,U+0070 U+028C U+0074 U+0283
베,pe,U+BCA0,U+0070 U+0065
벡,pek,U+BCA1,U+0070 U+0065 U+006B
벤,pen,U+BCA4,U+0070 U+0065 U+006E
벨,pel,U+BCA8,U+0070 U+0065 U+006C
벰,pem,U+BCB0,U+0070 U+0065 U+006D
벳,pes,U+BCB3,U+0070 U+0065 U+0073
벵,peŋ,U+BCB5,U+0070 U+0065 U+014B
벼,pjʌ,U+BCBC,U+0070 U+006A U+028C
벽,pjʌk,U+BCBD,U+0070 U+006A U+028C U+006B
변,pjʌn,U+BCC0,U+0070 U+006A U+028C U+006E
별,pjʌl,U+BCC4,U+0070 U+006A U+028C U+006C
볌,pjʌm,U+BCCC,U+0070 U+006A U+028C U+006D
볍,pjʌp,U+BCCD,U+0070 U+006A U+028C U+0070
볏,pjʌs,U+BCCF,U+0070 U+006A U+028C U+0073
병,pjʌŋ,U+BCD1,U+0070 U+006A U+028C U+014B
볕,pjʌtʰ,U+BCD5,U+0070 U+006A U+028C U+0074 U+02B0
볘,pje,U+BCD8,U+0070 U+006A U+0065
볜,pjen,U+BCDC,U+0070 U+006A U+0065 U+006E
보,po,U+BCF4,U+0070 U+006F
복,pok,U+BCF5,U+0070 U+006F U+006B
볶,pok͈,U+BCF6,U+0070 U+006F U+006B U+0348
본,pon,U+BCF8,U+0070 U+006F U+006E
볼,pol,U+BCFC,U+0070 U+006F U+006C
봄,pom,U+BD04,U+0070 U+006F U+006D
봅,pop,U+BD05,U+0070 U+006F U+0070
봇,pos,U+BD07,U+0070 U+006F U+0073
봉,poŋ,U+BD09,U+0070 U+006F U+014B
봐,pwa,U+BD10,U+0070 U+0077 U+0061
뵈,pø,U+BD48,U+0070 U+00F8
뵐,pøl,U+BD50,U+0070 U+00F8 U+006C
뵘,pøm,U+BD58,U+0070 U+00F8 U+006D
뵙,pøp,U+BD59,U+0070 U+00F8 U+0070
부,pu,U+BD80,U+0070 U+0075
북,puk,U+BD81,U+0070 U+0075 U+006B
분,pun,U+BD84,U+0070 U+0075 U+006E
붇,put,U+BD87,U+0070 U+0075 U+0074
불,pul,U+BD88,U+0070 U+0075 U+006C
붉,pulk,U+BD89,U+0070 U+0075 U+006C U+006B
붐,pum,U+BD90,U+0070 U+0075 U+006D
붓,pus,U+BD93,U+0070 U+0075 U+0073
붕,puŋ,U+BD95,U+0070 U+0075 U+014B
붗,putʃʰ,U+BD97,U+0070 U+0075 U+0074 U+0283 U+02B0
붙,putʰ,U+BD99,U+0070 U+0075 U+0074 U+02B0
붚,pupʰ,U+BD9A,U+0070 U+0075 U+0070 U+02B0
붴,pwʌkʰ,U+BDB4,U+0070 U+0077 U+028C U+006B U+02B0
뷔,pwi,U+BDD4,U+0070 U+0077 U+0069
뷜,pwil,U+BDDC,U+0070 U+0077 U+0069 U+006C
뷰,pju,U+BDF0,U+0070 U+006A U+0075
뷸,pjul,U+BDF8,U+0070 U+006A U+0075 U+006C
븀,pjum,U+BE00,U+0070 U+006A U+0075 U+006D
브,pɨ,U+BE0C,U+0070 U+0268
븐,pɨn,U+BE10,U+0070 U+0268 U+006E
블,pɨl,U+BE14,U+0070 U+0268 U+006C
븜,pɨm,U+BE1C,U+0070 U+0268 U+006D
븨,pɨi,U+BE28,U+0070 U+0268 U+0069
비,pi,U+BE44,U+0070 U+0069
빅,pik,U+BE45,U+0070 U+0069 U+006B
빈,pin,U+BE48,U+0070 U+0069 U+006E
빌,pil,U+BE4C,U+0070 U+0069 U+006C
빔,pim,U+BE54,U+0070 U+0069 U+006D
빕,pip,U+BE55,U+0070 U+0069 U+0070
빗,pis,U+BE57,U+0070 U+0069 U+0073
빙,piŋ,U+BE59,U+0070 U+0069 U+014B
빚,pitʃ,U+BE5A,U+0070 U+0069 U+0074 U+0283
빛,pitʃʰ,U+BE5B,U+0070 U+0069 U+0074 U+0283 U+02B0
빠,p͈a,U+BE60,U+0070 U+0348 U+0061
빡,p͈ak,U+BE61,U+0070 U+0348 U+0061 U+006B
빤,p͈an,U+BE64,U+0070 U+0348 U+0061 U+006E
빨,p͈al,U+BE68,U+0070 U+0348 U+0061 U+006C
빳,p͈as,U+BE73,U+0070 U+0348 U+0061 U+0073
빵,p͈aŋ,U+BE75,U+0070 U+0348 U+0061 U+014B
빻,p͈ah,U+BE7B,U+0070 U+0348 U+0061 U+0068
빼,p͈ɛ,U+BE7C,U+0070 U+0348 U+025B
빽,p͈ɛk,U+BE7D,U+0070 U+0348 U+025B U+006B
뺀,p͈ɛn,U+BE80,U+0070 U+0348 U+025B U+006E
뺄,p͈ɛl,U+BE84,U+0070 U+0348 U+025B U+006C
뺌,p͈ɛm,U+BE8C,U+0070 U+0348 U+025B U+006D
뺏,p͈ɛs,U+BE8F,U+0070 U+0348 U+025B U+0073
뺑,p͈ɛŋ,U+BE91,U+0070 U+0348 U+025B U+014B
뺘,p͈ja,U+BE98,U+0070 U+0348 U+006A U+0061
뺙,p͈jak,U+BE99,U+0070 U+0348 U+006A U+0061 U+006B
뺜,p͈jan,U+BE9C,U+0070 U+0348 U+006A U+0061 U+006E
뺨,p͈jam,U+BEA8,U+0070 U+0348 U+006A U+0061 U+006D
뻐,p͈ʌ,U+BED0,U+0070 U+0348 U+028C
뻑,p͈ʌk,U+BED1,U+0070 U+0348 U+028C U+006B
뻔,p͈ʌn,U+BED4,U+0070 U+0348 U+028C U+006E
뻗,p͈ʌt,U+BED7,U+0070 U+0348 U+028C U+0074
뻘,p͈ʌl,U+BED8,U+0070 U+0348 U+028C U+006C
뻣,p͈ʌs,U+BEE3,U+0070 U+0348 U+028C U+0073
뻥,p͈ʌŋ,U+BEE5,U+0070 U+0348 U+028C U+014B
뻬,p͈e,U+BEEC,U+0070 U+0348 U+0065
뻰,p͈en,U+BEF0,U+0070 U+0348 U+0065 U+006E
뼁,p͈eŋ,U+BF01,U+0070 U+0348 U+0065 U+014B
뼈,p͈jʌ,U+BF08,U+0070 U+0348 U+006A U+028C
뼉,p͈jʌk,U+BF09,U+0070 U+0348 U+006A U+028C U+006B
뼘,p͈jʌm,U+BF18,U+0070 U+0348 U+006A U+028C U+006D
뼛,p͈jʌs,U+BF1B,U+0070 U+0348 U+006A U+028C U+0073
뽀,p͈o,U+BF40,U+0070 U+0348 U+006F
뽁,p͈ok,U+BF41,U+0070 U+0348 U+006F U+006B
뽄,p͈on,U+BF44,U+0070 U+0348 U+006F U+006E
뽈,p͈ol,U+BF48,U+0070 U+0348 U+006F U+006C
뽐,p͈om,U+BF50,U+0070 U+0348 U+006F U+006D
뽑,p͈op,U+BF51,U+0070 U+0348 U+006F U+0070
뽕,p͈oŋ,U+BF55,U+0070 U+0348 U+006F U+014B
뾰,p͈jo,U+BFB0,U+0070 U+0348 U+006A U+006F
뿅,p͈joŋ,U+BFC5,U+0070 U+0348 U+006A U+006F U+014B
뿌,p͈u,U+BFCC,U+0070 U+0348 U+0075
뿍,p͈uk,U+BFCD,U+0070 U+0348 U+0075 U+006B
뿐,p͈un,U+BFD0,U+0070 U+0348 U+0075 U+006E
뿔,p͈ul,U+BFD4,U+0070 U+0348 U+0075 U+006C
뿜,p͈um,U+BFDC,U+0070 U+0348 U+0075 U+006D
뿟,p͈us,U+BFDF,U+0070 U+0348 U+0075 U+0073
뿡,p͈uŋ,U+BFE1,U+0070 U+0348 U+0075 U+014B
쀼,p͈ju,U+C03C,U+0070 U+0348 U+006A U+0075
쁘,p͈ɨ,U+C058,U+0070 U+0348 U+0268
쁜,p͈ɨn,U+C05C,U+0070 U+0348 U+0268 U+006E
쁠,p͈ɨl,U+C060,U+0070 U+0348 U+0268 U+006C
쁨,p͈ɨm,U+C068,U+0070 U+0348 U+0268 U+006D
삐,p͈i,U+C090,U+0070 U+0348 U+0069
삑,p͈ik,U+C091,U+0070 U+0348 U+0069 U+006B
삔,p͈in,U+C094,U+0070 U+0348 U+0069 U+006E
삘,p͈il,U+C098,U+0070 U+0348 U+0069 U+006C
삡,p͈ip,U+C0A1,U+0070 U+0348 U+0069 U+0070
삥,p͈iŋ,U+C0A5,U+0070 U+0348 U+0069 U+014B
사,sa,U+C0AC,U+0073 U+0061
삭,sak,U+C0AD,U+0073 U+0061 U+006B
삯,saks,U+C0AF,U+0073 U+0061 U+006B U+0073
산,san,U+C0B0,U+0073 U+0061 U+006E
살,sal,U+C0B4,U+0073 U+0061 U+006C
삵,salk,U+C0B5,U+0073 U+0061 U+006C U+006B
삶,salm,U+C0B6,U+0073 U+0061 U+006C U+006D
삼,sam,U+C0BC,U+0073 U+0061 U+006D
삽,sap,U+C0BD,U+0073 U+0061 U+0070
삿,sas,U+C0BF,U+0073 U+0061 U+0073
상,saŋ,U+C0C1,U+0073 U+0061 U+014B
샅,satʰ,U+C0C5,U+0073 U+0061 U+0074 U+02B0
새,sɛ,U+C0C8,U+0073 U+025B
색,sɛk,U+C0C9,U+0073 U+025B U+006B
샌,sɛn,U+C0CC,U+0073 U+025B U+006E
샐,sɛl,U+C0D0,U+0073 U+025B U+006C
샘,sɛm,U+C0D8,U+0073 U+025B U+006D
샙,sɛp,U+C0D9,U+0073 U+025B U+0070
샛,sɛs,U+C0DB,U+0073 U+025B U+0073
생,sɛŋ,U+C0DD,U+0073 U+025B U+014B
샤,sja,U+C0E4,U+0073 U+006A U+0061
샨,sjan,U+C0E8,U+0073 U+006A U+0061 U+006E
샬,sjal,U+C0EC,U+0073 U+006A U+0061 U+006C
샴,sjam,U+C0F4,U+0073 U+006A U+0061 U+006D
샷,sjas,U+C0F7,U+0073 U+006A U+0061 U+0073
샹,sjaŋ,U+C0F9,U+0073 U+006A U+0061 U+014B
섀,sjɛ,U+C100,U+0073 U+006A U+025B
서,sʌ,U+C11C,U+0073 U+028C
석,sʌk,U+C11D,U+0073 U+028C U+006B
섞,sʌk͈,U+C11E,U+0073 U+028C U+006B U+0348
섟,sʌks,U+C11F,U+0073 U+028C U+006B U+0073
선,sʌn,U+C120,U+0073 U+028C U+006E
섣,sʌt,U+C123,U+0073 U+028C U+0074
설,sʌl,U+C124,U+0073 U+028C U+006C
섧,sʌlp,U+C127,U+0073 U+028C U+006C U+0070
섬,sʌm,U+C12C,U+0073 U+028C U+006D
섭,sʌp,U+C12D,U+0073 U+028C U+0070
섯,sʌs,U+C12F,U+0073 U+028C U+0073
섰,sʌs͈,U+C130,U+0073 U+028C U+0073 U+0348
성,sʌŋ,U+C131,U+0073 U+028C U+014B
섶,sʌpʰ,U+C136,U+0073 U+028C U+0070 U+02B0
세,se,U+C138,U+0073 U+0065
섹,sek,U+C139,U+0073 U+0065 U+006B
센,sen,U+C13C,U+0073 U+0065 U+006E
셀,sel,U+C140,U+0073 U+0065 U+006C
셈,sem,U+C148,U+0073 U+0065 U+006D
셉,sep,U+C149,U+0073 U+0065 U+0070
셋,ses,U+C14B,U+0073 U+0065 U+0073
셍,seŋ,U+C14D,U+0073 U+0065 U+014B
셔,sjʌ,U+C154,U+0073 U+006A U+028C
션,sjʌn,U+C158,U+0073 U+006A U+028C U+006E
셜,sjʌl,U+C15C,U+0073 U+006A U+028C U+006C
셤,sjʌm,U+C164,U+0073 U+006A U+028C U+006D
셧,sjʌs,U+C167,U+0073 U+006A U+028C U+0073
셰,sje,U+C170,U+0073 U+006A U+0065
셴,sjen,U+C174,U+0073 U+006A U+0065 U+006E
셸,sjel,U+C178,U+0073 U+006A U+0065 U+006C
솁,sjep,U+C181,U+0073 U+006A U+0065 U+0070
소,so,U+C18C,U+0073 U+006F
속,sok,U+C18D,U+0073 U+006F U+006B
솎,sok͈,U+C18E,U+0073 U+006F U+006B U+0348
손,son,U+C190,U+0073 U+006F U+006E
솔,sol,U+C194,U+0073 U+006F U+006C
솜,som,U+C19C,U+0073 U+006F U+006D
솝,sop,U+C19D,U+0073 U+006F U+0070
솟,sos,U+C19F,U+0073 U+006F U+0073
송,soŋ,U+C1A1,U+0073 U+006F U+014B
솥,sotʰ,U+C1A5,U+0073 U+006F U+0074 U+02B0
솨,swa,U+C1A8,U+0073 U+0077 U+0061
솰,swal,U+C1B0,U+0073 U+0077 U+0061 U+006C
솽,swaŋ,U+C1BD,U+0073 U+0077 U+0061 U+014B
쇄,swɛ,U+C1C4,U+0073 U+0077 U+025B
쇠,sø,U+C1E0,U+0073 U+00F8
쇤,søn,U+C1E4,U+0073 U+00F8 U+006E
쇰,søm,U+C1F0,U+0073 U+00F8 U+006D
쇳,søs,U+C1F3,U+0073 U+00F8 U+0073
쇼,sjo,U+C1FC,U+0073 U+006A U+006F
숀,sjon,U+C200,U+0073 U+006A U+006F U+006E
숄,sjol,U+C204,U+0073 U+006A U+006F U+006C
숍,sjop,U+C20D,U+0073 U+006A U+006F U+0070
숏,sjos,U+C20F,U+0073 U+006A U+006F U+0073
숑,sjoŋ,U+C211,U+0073 U+006A U+006F U+014B
수,su,U+C218,U+0073 U+0075
숙,suk,U+C219,U+0073 U+0075 U+006B
순,sun,U+C21C,U+0073 U+0075 U+006E
숟,sut,U+C21F,U+0073 U+0075 U+0074
술,sul,U+C220,U+0073 U+0075 U+006C
숨,sum,U+C228,U+0073 U+0075 U+006D
숩,sup,U+C229,U+0073 U+0075 U+0070
숫,sus,U+C22B,U+0073 U+0075 U+0073
숭,suŋ,U+C22D,U+0073 U+0075 U+014B
숯,sutʃʰ,U+C22F,U+0073 U+0075 U+0074 U+0283 U+02B0
숱,sutʰ,U+C231,U+0073 U+0075 U+0074 U+02B0
숲,supʰ,U+C232,U+0073 U+0075 U+0070 U+02B0
숴,swʌ,U+C234,U+0073 U+0077 U+028C
쉐,swe,U+C250,U+0073 U+0077 U+0065
쉥,sweŋ,U+C265,U+0073 U+0077 U+0065 U+014B
쉬,swi,U+C26C,U+0073 U+0077 U+0069
쉭,swik,U+C26D,U+0073 U+0077 U+0069 U+006B
쉰,swin,U+C270,U+0073 U+0077 U+0069 U+006E
쉴,swil,U+C274,U+0073 U+0077 U+0069 U+006C
쉼,swim,U+C27C,U+0073 U+0077 U+0069 U+006D
쉽,swip,U+C27D,U+0073 U+0077 U+0069 U+0070
슁,swiŋ,U+C281,U+0073 U+0077 U+0069 U+014B
슈,sju,U+C288,U+0073 U+006A U+0075
슐,sjul,U+C290,U+0073 U+006A U+0075 U+006C
슘,sjum,U+C298,U+0073 U+006A U+0075 U+006D
슛,sjus,U+C29B,U+0073 U+006A U+0075 U+0073
슝,sjuŋ,U+C29D,U+0073 U+006A U+0075 U+014B
스,sɨ,U+C2A4,U+0073 U+0268
슥,sɨk,U+C2A5,U+0073 U+0268 U+006B
슨,sɨn,U+C2A8,U+0073 U+0268 U+006E
슬,sɨl,U+C2AC,U+0073 U+0268 U+006C
슭,sɨlk,U+C2AD,U+0073 U+0268 U+006C U+006B
슴,sɨm,U+C2B4,U+0073 U+0268 U+006D
습,sɨp,U+C2B5,U+0073 U+0268 U+0070
슷,sɨs,U+C2B7,U+0073 U+0268 U+0073
승,sɨŋ,U+C2B9,U+0073 U+0268 U+014B
시,si,U+C2DC,U+0073 U+0069
식,sik,U+C2DD,U+0073 U+0069 U+006B
신,sin,U+C2E0,U+0073 U+0069 U+006E
싣,sit,U+C2E3,U+0073 U+0069 U+0074
실,sil,U+C2E4,U+0073 U+0069 U+006C
싫,silh,U+C2EB,U+0073 U+0069 U+006C U+0068
심,sim,U+C2EC,U+0073 U+0069 U+006D
십,sip,U+C2ED,U+0073 U+0069 U+0070
싯,sis,U+C2EF,U+0073 U+0069 U+0073
싱,siŋ,U+C2F1,U+0073 U+0069 U+014B
싶,sipʰ,U+C2F6,U+0073 U+0069 U+0070 U+02B0
싸,s͈a,U+C2F8,U+0073 U+0348 U+0061
싹,s͈ak,U+C2F9,U+0073 U+0348 U+0061 U+006B
싼,s͈an,U+C2FC,U+0073 U+0348 U+0061 U+006E
쌀,s͈al,U+C300,U+0073 U+0348 U+0061 U+006C
쌈,s͈am,U+C308,U+0073 U+0348 U+0061 U+006D
쌉,s͈ap,U+C309,U+0073 U+0348 U+0061 U+0070
쌍,s͈aŋ,U+C30D,U+0073 U+0348 U+0061 U+014B
쌓,s͈ah,U+C313,U+0073 U+0348 U+0061 U+0068
쌔,s͈ɛ,U+C314,U+0073 U+0348 U+025B
쌕,s͈ɛk,U+C315,U+0073 U+0348 U+025B U+006B
쌘,s͈ɛn,U+C318,U+0073 U+0348 U+025B U+006E
쌜,s͈ɛl,U+C31C,U+0073 U+0348 U+025B U+006C
쌤,s͈ɛm,U+C324,U+0073 U+0348 U+025B U+006D
쌩,s͈ɛŋ,U+C329,U+0073 U+0348 U+025B U+014B
써,s͈ʌ,U+C368,U+0073 U+0348 U+028C
썩,s͈ʌk,U+C369,U+0073 U+0348 U+028C U+006B
썰,s͈ʌl,U+C370,U+0073 U+0348 U+028C U+006C
썸,s͈ʌm,U+C378,U+0073 U+0348 U+028C U+006D
썹,s͈ʌp,U+C379,U+0073 U+0348 U+028C U+0070
썽,s͈ʌŋ,U+C37D,U+0073 U+0348 U+028C U+014B
쎄,s͈e,U+C384,U+0073 U+0348 U+0065
쏘,s͈o,U+C3D8,U+0073 U+0348 U+006F
쏙,s͈ok,U+C3D9,U+0073 U+0348 U+006F U+006B
쏜,s͈on,U+C3DC,U+0073 U+0348 U+006F U+006E
쏟,s͈ot,U+C3DF,U+0073 U+0348 U+006F U+0074
쏠,s͈ol,U+C3E0,U+0073 U+0348 U+006F U+006C
쏨,s͈om,U+C3E8,U+0073 U+0348 U+006F U+006D
쏭,s͈oŋ,U+C3ED,U+0073 U+0348 U+006F U+014B
쏴,s͈wa,U+C3F4,U+0073 U+0348 U+0077 U+0061
쏼,s͈wal,U+C3FC,U+0073 U+0348 U+0077 U+0061 U+006C
쐐,s͈wɛ,U+C410,U+0073 U+0348 U+0077 U+025B
쐬,s͈ø,U+C42C,U+0073 U+0348 U+00F8
쑈,s͈jo,U+C448,U+0073 U+0348 U+006A U+006F
쑤,s͈u,U+C464,U+0073 U+0348 U+0075
쑥,s͈uk,U+C465,U+0073 U+0348 U+0075 U+006B
쑨,s͈un,U+C468,U+0073 U+0348 U+0075 U+006E
쑬,s͈ul,U+C46C,U+0073 U+0348 U+0075 U+006C
쑴,s͈um,U+C474,U+0073 U+0348 U+0075 U+006D
쑵,s͈up,U+C475,U+0073 U+0348 U+0075 U+0070
쑷,s͈us,U+C477,U+0073 U+0348 U+0075 U+0073
쑹,s͈uŋ,U+C479,U+0073 U+0348 U+0075 U+014B
쓰,s͈ɨ,U+C4F0,U+0073 U+0348 U+0268
쓱,s͈ɨk,U+C4F1,U+0073 U+0348 U+0268 U+006B
쓴,s͈ɨn,U+C4F4,U+0073 U+0348 U+0268 U+006E
쓸,s͈ɨl,U+C4F8,U+0073 U+0348 U+0268 U+006C
쓿,s͈ɨlh,U+C4FF,U+0073 U+0348 U+0268 U+006C U+0068
씀,s͈ɨm,U+C500,U+0073 U+0348 U+0268 U+006D
씁,s͈ɨp,U+C501,U+0073 U+0348 U+0268 U+0070
씃,s͈ɨs,U+C503,U+0073 U+0348 U+0268 U+0073
씌,s͈ɨi,U+C50C,U+0073 U+0348 U+0268 U+0069
씨,s͈i,U+C528,U+0073 U+0348 U+0069
씩,s͈ik,U+C529,U+0073 U+0348 U+0069 U+006B
씬,s͈in,U+C52C,U+0073 U+0348 U+0069 U+006E
씰,s͈il,U+C530,U+0073 U+0348 U+0069 U+006C
씸,s͈im,U+C538,U+0073 U+0348 U+0069 U+006D
씹,s͈ip,U+C539,U+0073 U+0348 U+0069 U+0070
씻,s͈is,U+C53B,U+0073 U+0348 U+0069 U+0073
씽,s͈iŋ,U+C53D,U+0073 U+0348 U+0069 U+014B
씿,s͈itʃʰ,U+C53F,U+0073 U+0348 U+0069 U+0074 U+0283 U+02B0
아,a,U+C544,U+0061
악,ak,U+C545,U+0061 U+006B
안,an,U+C548,U+0061 U+006E
앉,antʃ,U+C549,U+0061 U+006E U+0074 U+0283
않,anh,U+C54A,U+0061 U+006E U+0068
알,al,U+C54C,U+0061 U+006C
앍,alk,U+C54D,U+0061 U+006C U+006B
앎,alm,U+C54E,U+0061 U+006C U+006D
앓,alh,U+C553,U+0061 U+006C U+0068
암,am,U+C554,U+0061 U+006D
압,ap,U+C555,U+0061 U+0070
앗,as,U+C557,U+0061 U+0073
앙,aŋ,U+C559,U+0061 U+014B
앝,atʰ,U+C55D,U+0061 U+0074 U+02B0
앞,apʰ,U+C55E,U+0061 U+0070 U+02B0
애,ɛ,U+C560,U+025B
액,ɛk,U+C561,U+025B U+006B
앤,ɛn,U+C564,U+025B U+006E
앨,ɛl,U+C568,U+025B U+006C
앰,ɛm,U+C570,U+025B U+006D
앱,ɛp,U+C571,U+025B U+0070
앳,ɛs,U+C573,U+025B U+0073
앵,ɛŋ,U+C575,U+025B U+014B
야,ja,U+C57C,U+006A U+0061
약,jak,U+C57D,U+006A U+0061 U+006B
얀,jan,U+C580,U+006A U+0061 U+006E
얄,jal,U+C584,U+006A U+0061 U+006C
얇,jalp,U+C587,U+006A U+0061 U+006C U+0070
얌,jam,U+C58C,U+006A U+0061 U+006D
얍,jap,U+C58D,U+006A U+0061 U+0070
얏,jas,U+C58F,U+006A U+0061 U+0073
양,jaŋ,U+C591,U+006A U+0061 U+014B
얕,jatʰ,U+C595,U+006A U+0061 U+0074 U+02B0
얗,jah,U+C597,U+006A U+0061 U+0068
얘,jɛ,U+C598,U+006A U+025B
어,ʌ,U+C5B4,U+028C
억,ʌk,U+C5B5,U+028C U+006B
언,ʌn,U+C5B8,U+028C U+006E
얹,ʌntʃ,U+C5B9,U+028C U+006E U+0074 U+0283
얻,ʌt,U+C5BB,U+028C U+0074
얼,ʌl,U+C5BC,U+028C U+006C
얽,ʌlk,U+C5BD,U+028C U+006C U+006B
엄,ʌm,U+C5C4,U+028C U+006D
업,ʌp,U+C5C5,U+028C U+0070
없,ʌps,U+C5C6,U+028C U+0070 U+0073
엇,ʌs,U+C5C7,U+028C U+0073
엉,ʌŋ,U+C5C9,U+028C U+014B
엊,ʌtʃ,U+C5CA,U+028C U+0074 U+0283
엌,ʌkʰ,U+C5CC,U+028C U+006B U+02B0
엎,ʌpʰ,U+C5CE,U+028C U+0070 U+02B0
에,e,U+C5D0,U+0065
엑,ek,U+C5D1,U+0065 U+006B
엔,en,U+C5D4,U+0065 U+006E
엘,el,U+C5D8,U+0065 U+006C
엠,em,U+C5E0,U+0065 U+006D
엡,ep,U+C5E1,U+0065 U+0070
엣,es,U+C5E3,U+0065 U+0073
엥,eŋ,U+C5E5,U+0065 U+014B
여,jʌ,U+C5EC,U+006A U+028C
역,jʌk,U+C5ED,U+006A U+028C U+006B
엮,jʌk͈,U+C5EE,U+006A U+028C U+006B U+0348
연,jʌn,U+C5F0,U+006A U+028C U+006E
엳,jʌt,U+C5F3,U+006A U+028C U+0074
열,jʌl,U+C5F4,U+006A U+028C U+006C
엷,jʌlp,U+C5F7,U+006A U+028C U+006C U+0070
염,jʌm,U+C5FC,U+006A U+028C U+006D
엽,jʌp,U+C5FD,U+006A U+028C U+0070
엾,jʌps,U+C5FE,U+006A U+028C U+0070 U+0073
엿,jʌs,U+C5FF,U+006A U+028C U+0073
영,jʌŋ,U+C601,U+006A U+028C U+014B
옅,jʌtʰ,U+C605,U+006A U+028C U+0074 U+02B0
옆,jʌpʰ,U+C606,U+006A U+028C U+0070 U+02B0
옇,jʌh,U+C607,U+006A U+028C U+0068
예,je,U+C608,U+006A U+0065
옌,jen,U+C60C,U+006A U+0065 U+006E
옐,jel,U+C610,U+006A U+0065 U+006C
옙,jep,U+C619,U+006A U+0065 U+0070
옛,jes,U+C61B,U+006A U+0065 U+0073
오,o,U+C624,U+006F
옥,ok,U+C625,U+006F U+006B
온,on,U+C628,U+006F U+006E
올,ol,U+C62C,U+006F U+006C
옭,olk,U+C62D,U+006F U+006C U+006B
옮,olm,U+C62E,U+006F U+006C U+006D
옰,ols,U+C630,U+006F U+006C U+0073
옳,olh,U+C633,U+006F U+006C U+0068
옴,om,U+C634,U+006F U+006D
옵,op,U+C635,U+006F U+0070
옷,os,U+C637,U+006F U+0073
옹,oŋ,U+C639,U+006F U+014B
옻,otʃʰ,U+C63B,U+006F U+0074 U+0283 U+02B0
와,wa,U+C640,U+0077 U+0061
왁,wak,U+C641,U+0077 U+0061 U+006B
완,wan,U+C644,U+0077 U+0061 U+006E
왈,wal,U+C648,U+0077 U+0061 U+006C
왓,was,U+C653,U+0077 U+0061 U+0073
왕,waŋ,U+C655,U+0077 U+0061 U+014B
왜,wɛ,U+C65C,U+0077 U+025B
왝,wɛk,U+C65D,U+0077 U+025B U+006B
왠,wɛn,U+C660,U+0077 U+025B U+006E
왱,wɛŋ,U+C671,U+0077 U+025B U+014B
외,ø,U+C678,U+00F8
왹,øk,U+C679,U+00F8 U+006B
왼,øn,U+C67C,U+00F8 U+006E
욀,øl,U+C680,U+00F8 U+006C
욋,øs,U+C68B,U+00F8 U+0073
욍,øŋ,U+C68D,U+00F8 U+014B
요,jo,U+C694,U+006A U+006F
욕,jok,U+C695,U+006A U+006F U+006B
욘,jon,U+C698,U+006A U+006F U+006E
욜,jol,U+C69C,U+006A U+006F U+006C
욤,jom,U+C6A4,U+006A U+006F U+006D
욥,jop,U+C6A5,U+006A U+006F U+0070
욧,jos,U+C6A7,U+006A U+006F U+0073
용,joŋ,U+C6A9,U+006A U+006F U+014B
우,u,U+C6B0,U+0075
욱,uk,U+C6B1,U+0075 U+006B
운,un,U+C6B4,U+0075 U+006E
욷,ut,U+C6B7,U+0075 U+0074
울,ul,U+C6B8,U+0075 U+006C
욹,ulk,U+C6B9,U+0075 U+006C U+006B
움,um,U+C6C0,U+0075 U+006D
웁,up,U+C6C1,U+0075 U+0070
웃,us,U+C6C3,U+0075 U+0073
웅,uŋ,U+C6C5,U+0075 U+014B
웇,utʃʰ,U+C6C7,U+0075 U+0074 U+0283 U+02B0
워,wʌ,U+C6CC,U+0077 U+028C
웍,wʌk,U+C6CD,U+0077 U+028C U+006B
원,wʌn,U+C6D0,U+0077 U+028C U+006E
월,wʌl,U+C6D4,U+0077 U+028C U+006C
웜,wʌm,U+C6DC,U+0077 U+028C U+006D
웡,wʌŋ,U+C6E1,U+0077 U+028C U+014B
웨,we,U+C6E8,U+0077 U+0065
웩,wek,U+C6E9,U+0077 U+0065 U+006B
웬,wen,U+C6EC,U+0077 U+0065 U+006E
웰,wel,U+C6F0,U+0077 U+0065 U+006C
웹,wep,U+C6F9,U+0077 U+0065 U+0070
웽,weŋ,U+C6FD,U+0077 U+0065 U+014B
위,wi,U+C704,U+0077 U+0069
윅,wik,U+C705,U+0077 U+0069 U+006B
윈,win,U+C708,U+0077 U+0069 U+006E
윌,wil,U+C70C,U+0077 U+0069 U+006C
윔,wim,U+C714,U+0077 U+0069 U+006D
윕,wip,U+C715,U+0077 U+0069 U+0070
윗,wis,U+C717,U+0077 U+0069 U+0073
윙,wiŋ,U+C719,U+0077 U+0069 U+014B
유,ju,U+C720,U+006A U+0075
육,juk,U+C721,U+006A U+0075 U+006B
윤,jun,U+C724,U+006A U+0075 U+006E
율,jul,U+C728,U+006A U+0075 U+006C
윰,jum,U+C730,U+006A U+0075 U+006D
윳,jus,U+C733,U+006A U+0075 U+0073
융,juŋ,U+C735,U+006A U+0075 U+014B
윷,jutʃʰ,U+C737,U+006A U+0075 U+0074 U+0283 U+02B0
으,ɨ,U+C73C,U+0268
윽,ɨk,U+C73D,U+0268 U+006B
은,ɨn,U+C740,U+0268 U+006E
읃,ɨt,U+C743,U+0268 U+0074
을,ɨl,U+C744,U+0268 U+006C
읊,ɨlpʰ,U+C74A,U+0268 U+006C U+0070 U+02B0
음,ɨm,U+C74C,U+0268 U+006D
읍,ɨp,U+C74D,U+0268 U+0070
읏,ɨs,U+C74F,U+0268 U+0073
응,ɨŋ,U+C751,U+0268 U+014B
읒,ɨtʃ,U+C752,U+0268 U+0074 U+0283
읓,ɨtʃʰ,U+C753,U+0268 U+0074 U+0283 U+02B0
읔,ɨkʰ,U+C754,U+0268 U+006B U+02B0
읕,ɨtʰ,U+C755,U+0268 U+0074 U+02B0
읖,ɨpʰ,U+C756,U+0268 U+0070 U+02B0
읗,ɨh,U+C757,U+0268 U+0068
의,ɨi,U+C758,U+0268 U+0069
읫,ɨis,U+C76B,U+0268 U+0069 U+0073
이,i,U+C774,U+0069
익,ik,U+C775,U+0069 U+006B
인,in,U+C778,U+0069 U+006E
일,il,U+C77C,U+0069 U+006C
읽,ilk,U+C77D,U+0069 U+006C U+006B
잃,ilh,U+C783,U+0069 U+006C U+0068
임,im,U+C784,U+0069 U+006D
입,ip,U+C785,U+0069 U+0070
잇,is,U+C787,U+0069 U+0073
있,is͈,U+C788,U+0069 U+0073 U+0348
잉,iŋ,U+C789,U+0069 U+014B
잊,itʃ,U+C78A,U+0069 U+0074 U+0283
잎,ipʰ,U+C78E,U+0069 U+0070 U+02B0
자,tʃa,U+C790,U+0074 U+0283 U+0061
작,tʃak,U+C791,U+0074 U+0283 U+0061 U+006B
잔,tʃan,U+C794,U+0074 U+0283 U+0061 U+006E
잖,tʃanh,U+C796,U+0074 U+0283 U+0061 U+006E U+0068
잗,tʃat,U+C797,U+0074 U+0283 U+0061 U+0074
잘,tʃal,U+C798,U+0074 U+0283 U+0061 U+006C
잠,tʃam,U+C7A0,U+0074 U+0283 U+0061 U+006D
잡,tʃap,U+C7A1,U+0074 U+0283 U+0061 U+0070
잣,tʃas,U+C7A3,U+0074 U+0283 U+0061 U+0073
장,tʃaŋ,U+C7A5,U+0074 U+0283 U+0061 U+014B
잦,tʃatʃ,U+C7A6,U+0074 U+0283 U+0061 U+0074 U+0283
재,tʃɛ,U+C7AC,U+0074 U+0283 U+025B
잭,tʃɛk,U+C7AD,U+0074 U+0283 U+025B U+006B
잰,tʃɛn,U+C7B0,U+0074 U+0283 U+025B U+006E
잴,tʃɛl,U+C7B4,U+0074 U+0283 U+025B U+006C
잼,tʃɛm,U+C7BC,U+0074 U+0283 U+025B U+006D
잽,tʃɛp,U+C7BD,U+0074 U+0283 U+025B U+0070
잿,tʃɛs,U+C7BF,U+0074 U+0283 U+025B U+0073
쟁,tʃɛŋ,U+C7C1,U+0074 U+0283 U+025B U+014B
저,tʃʌ,U+C800,U+0074 U+0283 U+028C
적,tʃʌk,U+C801,U+0074 U+0283 U+028C U+006B
전,tʃʌn,U+C804,U+0074 U+0283 U+028C U+006E
젇,tʃʌt,U+C807,U+0074 U+0283 U+028C U+0074
절,tʃʌl,U+C808,U+0074 U+0283 U+028C U+006C
젉,tʃʌlk,U+C809,U+0074 U+0283 U+028C U+006C U+006B
젊,tʃʌlm,U+C80A,U+0074 U+0283 U+028C U+006C U+006D
점,tʃʌm,U+C810,U+0074 U+0283 U+028C U+006D
접,tʃʌp,U+C811,U+0074 U+0283 U+028C U+0070
젓,tʃʌs,U+C813,U+0074 U+0283 U+028C U+0073
정,tʃʌŋ,U+C815,U+0074 U+0283 U+028C U+014B
젖,tʃʌtʃ,U+C816,U+0074 U+0283 U+028C U+0074 U+0283
제,tʃe,U+C81C,U+0074 U+0283 U+0065
젝,tʃek,U+C81D,U+0074 U+0283 U+0065 U+006B
젠,tʃen,U+C820,U+0074 U+0283 U+0065 U+006E
젤,tʃel,U+C824,U+0074 U+0283 U+0065 U+006C
젬,tʃem,U+C82C,U+0074 U+0283 U+0065 U+006D
젭,tʃep,U+C82D,U+0074 U+0283 U+0065 U+0070
젯,tʃes,U+C82F,U+0074 U+0283 U+0065 U+0073
젱,tʃeŋ,U+C831,U+0074 U+0283 U+0065 U+014B
져,tʃjʌ,U+C838,U+0074 U+0283 U+006A U+028C
졔,tʃje,U+C854,U+0074 U+0283 U+006A U+0065
조,tʃo,U+C870,U+0074 U+0283 U+006F
족,tʃok,U+C871,U+0074 U+0283 U+006F U+006B
존,tʃon,U+C874,U+0074 U+0283 U+006F U+006E
졸,tʃol,U+C878,U+0074 U+0283 U+006F U+006C
좀,tʃom,U+C880,U+0074 U+0283 U+006F U+006D
좁,tʃop,U+C881,U+0074 U+0283 U+006F U+0070
좃,tʃos,U+C883,U+0074 U+0283 U+006F U+0073
종,tʃoŋ,U+C885,U+0074 U+0283 U+006F U+014B
좆,tʃotʃ,U+C886,U+0074 U+0283 U+006F U+0074 U+0283
좇,tʃotʃʰ,U+C887,U+0074 U+0283 U+006F U+0074 U+0283 U+02B0
좋,tʃoh,U+C88B,U+0074 U+0283 U+006F U+0068
좌,tʃwa,U+C88C,U+0074 U+0283 U+0077 U+0061
좍,tʃwak,U+C88D,U+0074 U+0283 U+0077 U+0061 U+006B
좔,tʃwal,U+C894,U+0074 U+0283 U+0077 U+0061 U+006C
좡,tʃwaŋ,U+C8A1,U+0074 U+0283 U+0077 U+0061 U+014B
좨,tʃwɛ,U+C8A8,U+0074 U+0283 U+0077 U+025B
좽,tʃwɛŋ,U+C8BD,U+0074 U+0283 U+0077 U+025B U+014B
죄,tʃø,U+C8C4,U+0074 U+0283 U+00F8
죌,tʃøl,U+C8CC,U+0074 U+0283 U+00F8 U+006C
죔,tʃøm,U+C8D4,U+0074 U+0283 U+00F8 U+006D
죗,tʃøs,U+C8D7,U+0074 U+0283 U+00F8 U+0073
주,tʃu,U+C8FC,U+0074 U+0283 U+0075
죽,tʃuk,U+C8FD,U+0074 U+0283 U+0075 U+006B
준,tʃun,U+C900,U+0074 U+0283 U+0075 U+006E
줄,tʃul,U+C904,U+0074 U+0283 U+0075 U+006C
줅,tʃulk,U+C905,U+0074 U+0283 U+0075 U+006C U+006B
줌,tʃum,U+C90C,U+0074 U+0283 U+0075 U+006D
줍,tʃup,U+C90D,U+0074 U+0283 U+0075 U+0070
줏,tʃus,U+C90F,U+0074 U+0283 U+0075 U+0073
중,tʃuŋ,U+C911,U+0074 U+0283 U+0075 U+014B
줴,tʃwe,U+C934,U+0074 U+0283 U+0077 U+0065
쥐,tʃwi,U+C950,U+0074 U+0283 U+0077 U+0069
쥔,tʃwin,U+C954,U+0074 U+0283 U+0077 U+0069 U+006E
쥘,tʃwil,U+C958,U+0074 U+0283 U+0077 U+0069 U+006C
쥠,tʃwim,U+C960,U+0074 U+0283 U+0077 U+0069 U+006D
쥣,tʃwis,U+C963,U+0074 U+0283 U+0077 U+0069 U+0073
쥬,tʃju,U+C96C,U+0074 U+0283 U+006A U+0075
즈,tʃɨ,U+C988,U+0074 U+0283 U+0268
즉,tʃɨk,U+C989,U+0074 U+0283 U+0268 U+006B
즌,tʃɨn,U+C98C,U+0074 U+0283 U+0268 U+006E
즐,tʃɨl,U+C990,U+0074 U+0283 U+0268 U+006C
즘,tʃɨm,U+C998,U+0074 U+0283 U+0268 U+006D
즙,tʃɨp,U+C999,U+0074 U+0283 U+0268 U+0070
증,tʃɨŋ,U+C99D,U+0074 U+0283 U+0268 U+014B
지,tʃi,U+C9C0,U+0074 U+0283 U+0069
직,tʃik,U+C9C1,U+0074 U+0283 U+0069 U+006B
진,tʃin,U+C9C4,U+0074 U+0283 U+0069 U+006E
짇,tʃit,U+C9C7,U+0074 U+0283 U+0069 U+0074
질,tʃil,U+C9C8,U+0074 U+0283 U+0069 U+006C
짊,tʃilm,U+C9CA,U+0074 U+0283 U+0069 U+006C U+006D
짐,tʃim,U+C9D0,U+0074 U+0283 U+0069 U+006D
집,tʃip,U+C9D1,U+0074 U+0283 U+0069 U+0070
짓,tʃis,U+C9D3,U+0074 U+0283 U+0069 U+0073
징,tʃiŋ,U+C9D5,U+0074 U+0283 U+0069 U+014B
짖,tʃitʃ,U+C9D6,U+0074 U+0283 U+0069 U+0074 U+0283
짙,tʃitʰ,U+C9D9,U+0074 U+0283 U+0069 U+0074 U+02B0
짚,tʃipʰ,U+C9DA,U+0074 U+0283 U+0069 U+0070 U+02B0
짜,t͈ʃa,U+C9DC,U+0074 U+0348 U+0283 U+0061
짝,t͈ʃak,U+C9DD,U+0074 U+0348 U+0283 U+0061 U+006B
짠,t͈ʃan,U+C9E0,U+0074 U+0348 U+0283 U+0061 U+006E
짢,t͈ʃanh,U+C9E2,U+0074 U+0348 U+0283 U+0061 U+006E U+0068
짤,t͈ʃal,U+C9E4,U+0074 U+0348 U+0283 U+0061 U+006C
짧,t͈ʃalp,U+C9E7,U+0074 U+0348 U+0283 U+0061 U+006C U+0070
짬,t͈ʃam,U+C9EC,U+0074 U+0348 U+0283 U+0061 U+006D
짭,t͈ʃap,U+C9ED,U+0074 U+0348 U+0283 U+0061 U+0070
짯,t͈ʃas,U+C9EF,U+0074 U+0348 U+0283 U+0061 U+0073
짱,t͈ʃaŋ,U+C9F1,U+0074 U+0348 U+0283 U+0061 U+014B
째,t͈ʃɛ,U+C9F8,U+0074 U+0348 U+0283 U+025B
짹,t͈ʃɛk,U+C9F9,U+0074 U+0348 U+0283 U+025B U+006B
쨀,t͈ʃɛl,U+CA00,U+0074 U+0348 U+0283 U+025B U+006C
쨈,t͈ʃɛm,U+CA08,U+0074 U+0348 U+0283 U+025B U+006D
쨋,t͈ʃɛs,U+CA0B,U+0074 U+0348 U+0283 U+025B U+0073
쨌,t͈ʃɛs͈,U+CA0C,U+0074 U+0348 U+0283 U+025B U+0073 U+0348
쨍,t͈ʃɛŋ,U+CA0D,U+0074 U+0348 U+0283 U+025B U+014B
쩌,t͈ʃʌ,U+CA4C,U+0074 U+0348 U+0283 U+028C
쩍,t͈ʃʌk,U+CA4D,U+0074 U+0348 U+0283 U+028C U+006B
쩐,t͈ʃʌn,U+CA50,U+0074 U+0348 U+0283 U+028C U+006E
쩔,t͈ʃʌl,U+CA54,U+0074 U+0348 U+0283 U+028C U+006C
쩜,t͈ʃʌm,U+CA5C,U+0074 U+0348 U+0283 U+028C U+006D
쩝,t͈ʃʌp,U+CA5D,U+0074 U+0348 U+0283 U+028C U+0070
쩟,t͈ʃʌs,U+CA5F,U+0074 U+0348 U+0283 U+028C U+0073
쩡,t͈ʃʌŋ,U+CA61,U+0074 U+0348 U+0283 U+028C U+014B
쩨,t͈ʃe,U+CA68,U+0074 U+0348 U+0283 U+0065
쩽,t͈ʃeŋ,U+CA7D,U+0074 U+0348 U+0283 U+0065 U+014B
쪄,t͈ʃjʌ,U+CA84,U+0074 U+0348 U+0283 U+006A U+028C
쪼,t͈ʃo,U+CABC,U+0074 U+0348 U+0283 U+006F
쪽,t͈ʃok,U+CABD,U+0074 U+0348 U+0283 U+006F U+006B
쫀,t͈ʃon,U+CAC0,U+0074 U+0348 U+0283 U+006F U+006E
쫄,t͈ʃol,U+CAC4,U+0074 U+0348 U+0283 U+006F U+006C
쫌,t͈ʃom,U+CACC,U+0074 U+0348 U+0283 U+006F U+006D
쫍,t͈ʃop,U+CACD,U+0074 U+0348 U+0283 U+006F U+0070
쫑,t͈ʃoŋ,U+CAD1,U+0074 U+0348 U+0283 U+006F U+014B
쫒,t͈ʃotʃ,U+CAD2,U+0074 U+0348 U+0283 U+006F U+0074 U+0283
쫓,t͈ʃotʃʰ,U+CAD3,U+0074 U+0348 U+0283 U+006F U+0074 U+0283 U+02B0
쫘,t͈ʃwa,U+CAD8,U+0074 U+0348 U+0283 U+0077 U+0061
쫙,t͈ʃwak,U+CAD9,U+0074 U+0348 U+0283 U+0077 U+0061 U+006B
쫠,t͈ʃwal,U+CAE0,U+0074 U+0348 U+0283 U+0077 U+0061 U+006C
쬐,t͈ʃø,U+CB10,U+0074 U+0348 U+0283 U+00F8
쭈,t͈ʃu,U+CB48,U+0074 U+0348 U+0283 U+0075
쭉,t͈ʃuk,U+CB49,U+0074 U+0348 U+0283 U+0075 U+006B
쭌,t͈ʃun,U+CB4C,U+0074 U+0348 U+0283 U+0075 U+006E
쭐,t͈ʃul,U+CB50,U+0074 U+0348 U+0283 U+0075 U+006C
쭘,t͈ʃum,U+CB58,U+0074 U+0348 U+0283 U+0075 U+006D
쭙,t͈ʃup,U+CB59,U+0074 U+0348 U+0283 U+0075 U+0070
쭝,t͈ʃuŋ,U+CB5D,U+0074 U+0348 U+0283 U+0075 U+014B
쭤,t͈ʃwʌ,U+CB64,U+0074 U+0348 U+0283 U+0077 U+028C
쯔,t͈ʃɨ,U+CBD4,U+0074 U+0348 U+0283 U+0268
쯕,t͈ʃɨk,U+CBD5,U+0074 U+0348 U+0283 U+0268 U+006B
쯤,t͈ʃɨm,U+CBE4,U+0074 U+0348 U+0283 U+0268 U+006D
쯧,t͈ʃɨs,U+CBE7,U+0074 U+0348 U+0283 U+0268 U+0073
쯩,t͈ʃɨŋ,U+CBE9,U+0074 U+0348 U+0283 U+0268 U+014B
찌,t͈ʃi,U+CC0C,U+0074 U+0348 U+0283 U+0069
찍,t͈ʃik,U+CC0D,U+0074 U+0348 U+0283 U+0069 U+006B
찐,t͈ʃin,U+CC10,U+0074 U+0348 U+0283 U+0069 U+006E
찔,t͈ʃil,U+CC14,U+0074 U+0348 U+0283 U+0069 U+006C
찜,t͈ʃim,U+CC1C,U+0074 U+0348 U+0283 U+0069 U+006D
찝,t͈ʃip,U+CC1D,U+0074 U+0348 U+0283 U+0069 U+0070
찟,t͈ʃis,U+CC1F,U+0074 U+0348 U+0283 U+0069 U+0073
찡,t͈ʃiŋ,U+CC21,U+0074 U+0348 U+0283 U+0069 U+014B
찢,t͈ʃitʃ,U+CC22,U+0074 U+0348 U+0283 U+0069 U+0074 U+0283
찧,t͈ʃih,U+CC27,U+0074 U+0348 U+0283 U+0069 U+0068
차,tʃʰa,U+CC28,U+0074 U+0283 U+02B0 U+0061
착,tʃʰak,U+CC29,U+0074 U+0283 U+02B0 U+0061 U+006B
찬,tʃʰan,U+CC2C,U+0074 U+0283 U+02B0 U+0061 U+006E
찮,tʃʰanh,U+CC2E,U+0074 U+0283 U+02B0 U+0061 U+006E U+0068
찰,tʃʰal,U+CC30,U+0074 U+0283 U+02B0 U+0061 U+006C
찱,tʃʰalk,U+CC31,U+0074 U+0283 U+02B0 U+0061 U+006C U+006B
참,tʃʰam,U+CC38,U+0074 U+0283 U+02B0 U+0061 U+006D
찹,tʃʰap,U+CC39,U+0074 U+0283 U+02B0 U+0061 U+0070
찻,tʃʰas,U+CC3B,U+0074 U+0283 U+02B0 U+0061 U+0073
창,tʃʰaŋ,U+CC3D,U+0074 U+0283 U+02B0 U+0061 U+014B
찾,tʃʰatʃ,U+CC3E,U+0074 U+0283 U+02B0 U+0061 U+0074 U+0283
채,tʃʰɛ,U+CC44,U+0074 U+0283 U+02B0 U+025B
책,tʃʰɛk,U+CC45,U+0074 U+0283 U+02B0 U+025B U+006B
챈,tʃʰɛn,U+CC48,U+0074 U+0283 U+02B0 U+025B U+006E
챌,tʃʰɛl,U+CC4C,U+0074 U+0283 U+02B0 U+025B U+006C
챔,tʃʰɛm,U+CC54,U+0074 U+0283 U+02B0 U+025B U+006D
챗,tʃʰɛs,U+CC57,U+0074 U+0283 U+02B0 U+025B U+0073
챙,tʃʰɛŋ,U+CC59,U+0074 U+0283 U+02B0 U+025B U+014B
처,tʃʰʌ,U+CC98,U+0074 U+0283 U+02B0 U+028C
척,tʃʰʌk,U+CC99,U+0074 U+0283 U+02B0 U+028C U+006B
천,tʃʰʌn,U+CC9C,U+0074 U+0283 U+02B0 U+028C U+006E
철,tʃʰʌl,U+CCA0,U+0074 U+0283 U+02B0 U+028C U+006C
첨,tʃʰʌm,U+CCA8,U+0074 U+0283 U+02B0 U+028C U+006D
첩,tʃʰʌp,U+CCA9,U+0074 U+0283 U+02B0 U+028C U+0070
첫,tʃʰʌs,U+CCAB,U+0074 U+0283 U+02B0 U+028C U+0073
청,tʃʰʌŋ,U+CCAD,U+0074 U+0283 U+02B0 U+028C U+014B
체,tʃʰe,U+CCB4,U+0074 U+0283 U+02B0 U+0065
첸,tʃʰen,U+CCB8,U+0074 U+0283 U+02B0 U+0065 U+006E
첼,tʃʰel,U+CCBC,U+0074 U+0283 U+02B0 U+0065 U+006C
쳄,tʃʰem,U+CCC4,U+0074 U+0283 U+02B0 U+0065 U+006D
쳅,tʃʰep,U+CCC5,U+0074 U+0283 U+02B0 U+0065 U+0070
쳇,tʃʰes,U+CCC7,U+0074 U+0283 U+02B0 U+0065 U+0073
쳉,tʃʰeŋ,U+CCC9,U+0074 U+0283 U+02B0 U+0065 U+014B
쳐,tʃʰjʌ,U+CCD0,U+0074 U+0283 U+02B0 U+006A U+028C
초,tʃʰo,U+CD08,U+0074 U+0283 U+02B0 U+006F
촉,tʃʰok,U+CD09,U+0074 U+0283 U+02B0 U+006F U+006B
촌,tʃʰon,U+CD0C,U+0074 U+0283 U+02B0 U+006F U+006E
촐,tʃʰol,U+CD10,U+0074 U+0283 U+02B0 U+006F U+006C
촘,tʃʰom,U+CD18,U+0074 U+0283 U+02B0 U+006F U+006D
촙,tʃʰop,U+CD19,U+0074 U+0283 U+02B0 U+006F U+0070
촛,tʃʰos,U+CD1B,U+0074 U+0283 U+02B0 U+006F U+0073
총,tʃʰoŋ,U+CD1D,U+0074 U+0283 U+02B0 U+006F U+014B
촨,tʃʰwan,U+CD28,U+0074 U+0283 U+02B0 U+0077 U+0061 U+006E
촬,tʃʰwal,U+CD2C,U+0074 U+0283 U+02B0 U+0077 U+0061 U+006C
최,tʃʰø,U+CD5C,U+0074 U+0283 U+02B0 U+00F8
추,tʃʰu,U+CD94,U+0074 U+0283 U+02B0 U+0075
축,tʃʰuk,U+CD95,U+0074 U+0283 U+02B0 U+0075 U+006B
춘,tʃʰun,U+CD98,U+0074 U+0283 U+02B0 U+0075 U+006E
춛,tʃʰut,U+CD9B,U+0074 U+0283 U+02B0 U+0075 U+0074
출,tʃʰul,U+CD9C,U+0074 U+0283 U+02B0 U+0075 U+006C
춤,tʃʰum,U+CDA4,U+0074 U+0283 U+02B0 U+0075 U+006D
춥,tʃʰup,U+CDA5,U+0074 U+0283 U+02B0 U+0075 U+0070
춧,tʃʰus,U+CDA7,U+0074 U+0283 U+02B0 U+0075 U+0073
충,tʃʰuŋ,U+CDA9,U+0074 U+0283 U+02B0 U+0075 U+014B
춰,tʃʰwʌ,U+CDB0,U+0074 U+0283 U+02B0 U+0077 U+028C
췌,tʃʰwe,U+CDCC,U+0074 U+0283 U+02B0 U+0077 U+0065
취,tʃʰwi,U+CDE8,U+0074 U+0283 U+02B0 U+0077 U+0069
췻,tʃʰwis,U+CDFB,U+0074 U+0283 U+02B0 U+0077 U+0069 U+0073
췽,tʃʰwiŋ,U+CDFD,U+0074 U+0283 U+02B0 U+0077 U+0069 U+014B
츠,tʃʰɨ,U+CE20,U+0074 U+0283 U+02B0 U+0268
측,tʃʰɨk,U+CE21,U+0074 U+0283 U+02B0 U+0268 U+006B
츤,tʃʰɨn,U+CE24,U+0074 U+0283 U+02B0 U+0268 U+006E
츨,tʃʰɨl,U+CE28,U+0074 U+0283 U+02B0 U+0268 U+006C
츰,tʃʰɨm,U+CE30,U+0074 U+0283 U+02B0 U+0268 U+006D
츱,tʃʰɨp,U+CE31,U+0074 U+0283 U+02B0 U+0268 U+0070
층,tʃʰɨŋ,U+CE35,U+0074 U+0283 U+02B0 U+0268 U+014B
치,tʃʰi,U+CE58,U+0074 U+0283 U+02B0 U+0069
칙,tʃʰik,U+CE59,U+0074 U+0283 U+02B0 U+0069 U+006B
친,tʃʰin,U+CE5C,U+0074 U+0283 U+02B0 U+0069 U+006E
칟,tʃʰit,U+CE5F,U+0074 U+0283 U+02B0 U+0069 U+0074
칠,tʃʰil,U+CE60,U+0074 U+0283 U+02B0 U+0069 U+006C
칡,tʃʰilk,U+CE61,U+0074 U+0283 U+02B0 U+0069 U+006C U+006B
침,tʃʰim,U+CE68,U+0074 U+0283 U+02B0 U+0069 U+006D
칩,tʃʰip,U+CE69,U+0074 U+0283 U+02B0 U+0069 U+0070
칫,tʃʰis,U+CE6B,U+0074 U+0283 U+02B0 U+0069 U+0073
칭,tʃʰiŋ,U+CE6D,U+0074 U+0283 U+02B0 U+0069 U+014B
칮,tʃʰitʃ,U+CE6E,U+0074 U+0283 U+02B0 U+0069 U+0074 U+0283
카,kʰa,U+CE74,U+006B U+02B0 U+0061
칵,kʰak,U+CE75,U+006B U+02B0 U+0061 U+006B
칸,kʰan,U+CE78,U+006B U+02B0 U+0061 U+006E
칼,kʰal,U+CE7C,U+006B U+02B0 U+0061 U+006C
캄,kʰam,U+CE84,U+006B U+02B0 U+0061 U+006D
캅,kʰap,U+CE85,U+006B U+02B0 U+0061 U+0070
캉,kʰaŋ,U+CE89,U+006B U+02B0 U+0061 U+014B
캐,kʰɛ,U+CE90,U+006B U+02B0 U+025B
캑,kʰɛk,U+CE91,U+006B U+02B0 U+025B U+006B
캔,kʰɛn,U+CE94,U+006B U+02B0 U+025B U+006E
캘,kʰɛl,U+CE98,U+006B U+02B0 U+025B U+006C
캠,kʰɛm,U+CEA0,U+006B U+02B0 U+025B U+006D
캡,kʰɛp,U+CEA1,U+006B U+02B0 U+025B U+0070
캣,kʰɛs,U+CEA3,U+006B U+02B0 U+025B U+0073
캥,kʰɛŋ,U+CEA5,U+006B U+02B0 U+025B U+014B
캬,kʰja,U+CEAC,U+006B U+02B0 U+006A U+0061
캭,kʰjak,U+CEAD,U+006B U+02B0 U+006A U+0061 U+006B
캰,kʰjan,U+CEB0,U+006B U+02B0 U+006A U+0061 U+006E
캴,kʰjal,U+CEB4,U+006B U+02B0 U+006A U+0061 U+006C
컁,kʰjaŋ,U+CEC1,U+006B U+02B0 U+006A U+0061 U+014B
커,kʰʌ,U+CEE4,U+006B U+02B0 U+028C
컥,kʰʌk,U+CEE5,U+006B U+02B0 U+028C U+006B
컨,kʰʌn,U+CEE8,U+006B U+02B0 U+028C U+006E
컫,kʰʌt,U+CEEB,U+006B U+02B0 U+028C U+0074
컬,kʰʌl,U+CEEC,U+006B U+02B0 U+028C U+006C
컴,kʰʌm,U+CEF4,U+006B U+02B0 U+028C U+006D
컵,kʰʌp,U+CEF5,U+006B U+02B0 U+028C U+0070
컷,kʰʌs,U+CEF7,U+006B U+02B0 U+028C U+0073
컹,kʰʌŋ,U+CEF9,U+006B U+02B0 U+028C U+014B
케,kʰe,U+CF00,U+006B U+02B0 U+0065
켁,kʰek,U+CF01,U+006B U+02B0 U+0065 U+006B
켄,kʰen,U+CF04,U+006B U+02B0 U+0065 U+006E
켈,kʰel,U+CF08,U+006B U+02B0 U+0065 U+006C
켐,kʰem,U+CF10,U+006B U+02B0 U+0065 U+006D
켑,kʰep,U+CF11,U+006B U+02B0 U+0065 U+0070
켓,kʰes,U+CF13,U+006B U+02B0 U+0065 U+0073
켕,kʰeŋ,U+CF15,U+006B U+02B0 U+0065 U+014B
켜,kʰjʌ,U+CF1C,U+006B U+02B0 U+006A U+028C
켠,kʰjʌn,U+CF20,U+006B U+02B0 U+006A U+028C U+006E
켤,kʰjʌl,U+CF24,U+006B U+02B0 U+006A U+028C U+006C
켯,kʰjʌs,U+CF2F,U+006B U+02B0 U+006A U+028C U+0073
켱,kʰjʌŋ,U+CF31,U+006B U+02B0 U+006A U+028C U+014B
켸,kʰje,U+CF38,U+006B U+02B0 U+006A U+0065
코,kʰo,U+CF54,U+006B U+02B0 U+006F
콕,kʰok,U+CF55,U+006B U+02B0 U+006F U+006B
콘,kʰon,U+CF58,U+006B U+02B0 U+006F U+006E
콜,kʰol,U+CF5C,U+006B U+02B0 U+006F U+006C
콤,kʰom,U+CF64,U+006B U+02B0 U+006F U+006D
콥,kʰop,U+CF65,U+006B U+02B0 U+006F U+0070
콧,kʰos,U+CF67,U+006B U+02B0 U+006F U+0073
콩,kʰoŋ,U+CF69,U+006B U+02B0 U+006F U+014B
콫,kʰotʃʰ,U+CF6B,U+006B U+02B0 U+006F U+0074 U+0283 U+02B0
콰,kʰwa,U+CF70,U+006B U+02B0 U+0077 U+0061
콱,kʰwak,U+CF71,U+006B U+02B0 U+0077 U+0061 U+006B
콴,kʰwan,U+CF74,U+006B U+02B0 U+0077 U+0061 U+006E
콸,kʰwal,U+CF78,U+006B U+02B0 U+0077 U+0061 U+006C
쾃,kʰwas,U+CF83,U+006B U+02B0 U+0077 U+0061 U+0073
쾅,kʰwaŋ,U+CF85,U+006B U+02B0 U+0077 U+0061 U+014B
쾌,kʰwɛ,U+CF8C,U+006B U+02B0 U+0077 U+025B
쾟,kʰwɛs,U+CF9F,U+006B U+02B0 U+0077 U+025B U+0073
쾡,kʰwɛŋ,U+CFA1,U+006B U+02B0 U+0077 U+025B U+014B
쾨,kʰø,U+CFA8,U+006B U+02B0 U+00F8
쾰,kʰøl,U+CFB0,U+006B U+02B0 U+00F8 U+006C
쿄,kʰjo,U+CFC4,U+006B U+02B0 U+006A U+006F
쿠,kʰu,U+CFE0,U+006B U+02B0 U+0075
쿡,kʰuk,U+CFE1,U+006B U+02B0 U+0075 U+006B
쿤,kʰun,U+CFE4,U+006B U+02B0 U+0075 U+006E
쿨,kʰul,U+CFE8,U+006B U+02B0 U+0075 U+006C
쿰,kʰum,U+CFF0,U+006B U+02B0 U+0075 U+006D
쿵,kʰuŋ,U+CFF5,U+006B U+02B0 U+0075 U+014B
쿼,kʰwʌ,U+CFFC,U+006B U+02B0 U+0077 U+028C
퀀,kʰwʌn,U+D000,U+006B U+02B0 U+0077 U+028C U+006E
퀄,kʰwʌl,U+D004,U+006B U+02B0 U+0077 U+028C U+006C
퀑,kʰwʌŋ,U+D011,U+006B U+02B0 U+0077 U+028C U+014B
퀘,kʰwe,U+D018,U+006B U+02B0 U+0077 U+0065
퀭,kʰweŋ,U+D02D,U+006B U+02B0 U+0077 U+0065 U+014B
퀴,kʰwi,U+D034,U+006B U+02B0 U+0077 U+0069
퀵,kʰwik,U+D035,U+006B U+02B0 U+0077 U+0069 U+006B
퀸,kʰwin,U+D038,U+006B U+02B0 U+0077 U+0069 U+006E
퀼,kʰwil,U+D03C,U+006B U+02B0 U+0077 U+0069 U+006C
큇,kʰwis,U+D047,U+006B U+02B0 U+0077 U+0069 U+0073
큐,kʰju,U+D050,U+006B U+02B0 U+006A U+0075
큘,kʰjul,U+D058,U+006B U+02B0 U+006A U+0075 U+006C
크,kʰɨ,U+D06C,U+006B U+02B0 U+0268
큰,kʰɨn,U+D070,U+006B U+02B0 U+0268 U+006E
클,kʰɨl,U+D074,U+006B U+02B0 U+0268 U+006C
큼,kʰɨm,U+D07C,U+006B U+02B0 U+0268 U+006D
킁,kʰɨŋ,U+D081,U+006B U+02B0 U+0268 U+014B
키,kʰi,U+D0A4,U+006B U+02B0 U+0069
킥,kʰik,U+D0A5,U+006B U+02B0 U+0069 U+006B
킨,kʰin,U+D0A8,U+006B U+02B0 U+0069 U+006E
킬,kʰil,U+D0AC,U+006B U+02B0 U+0069 U+006C
킴,kʰim,U+D0B4,U+006B U+02B0 U+0069 U+006D
킵,kʰip,U+D0B5,U+006B U+02B0 U+0069 U+0070
킷,kʰis,U+D0B7,U+006B U+02B0 U+0069 U+0073
킹,kʰiŋ,U+D0B9,U+006B U+02B0 U+0069 U+014B
타,tʰa,U+D0C0,U+0074 U+02B0 U+0061
탁,tʰak,U+D0C1,U+0074 U+02B0 U+0061 U+006B
탄,tʰan,U+D0C4,U+0074 U+02B0 U+0061 U+006E
탈,tʰal,U+D0C8,U+0074 U+02B0 U+0061 U+006C
탉,tʰalk,U+D0C9,U+0074 U+02B0 U+0061 U+006C U+006B
탐,tʰam,U+D0D0,U+0074 U+02B0 U+0061 U+006D
탑,tʰap,U+D0D1,U+0074 U+02B0 U+0061 U+0070
탓,tʰas,U+D0D3,U+0074 U+02B0 U+0061 U+0073
탕,tʰaŋ,U+D0D5,U+0074 U+02B0 U+0061 U+014B
태,tʰɛ,U+D0DC,U+0074 U+02B0 U+025B
택,tʰɛk,U+D0DD,U+0074 U+02B0 U+025B U+006B
탠,tʰɛn,U+D0E0,U+0074 U+02B0 U+025B U+006E
탤,tʰɛl,U+D0E4,U+0074 U+02B0 U+025B U+006C
탬,tʰɛm,U+D0EC,U+0074 U+02B0 U+025B U+006D
탭,tʰɛp,U+D0ED,U+0074 U+02B0 U+025B U+0070
탯,tʰɛs,U+D0EF,U+0074 U+02B0 U+025B U+0073
탱,tʰɛŋ,U+D0F1,U+0074 U+02B0 U+025B U+014B
탸,tʰja,U+D0F8,U+0074 U+02B0 U+006A U+0061
터,tʰʌ,U+D130,U+0074 U+02B0 U+028C
턱,tʰʌk,U+D131,U+0074 U+02B0 U+028C U+006B
턴,tʰʌn,U+D134,U+0074 U+02B0 U+028C U+006E
털,tʰʌl,U+D138,U+0074 U+02B0 U+028C U+006C
텀,tʰʌm,U+D140,U+0074 U+02B0 U+028C U+006D
텁,tʰʌp,U+D141,U+0074 U+02B0 U+028C U+0070
텃,tʰʌs,U+D143,U+0074 U+02B0 U+028C U+0073
텅,tʰʌŋ,U+D145,U+0074 U+02B0 U+028C U+014B
테,tʰe,U+D14C,U+0074 U+02B0 U+0065
텍,tʰek,U+D14D,U+0074 U+02B0 U+0065 U+006B
텐,tʰen,U+D150,U+0074 U+02B0 U+0065 U+006E
텔,tʰel,U+D154,U+0074 U+02B0 U+0065 U+006C
템,tʰem,U+D15C,U+0074 U+02B0 U+0065 U+006D
텝,tʰep,U+D15D,U+0074 U+02B0 U+0065 U+0070
텟,tʰes,U+D15F,U+0074 U+02B0 U+0065 U+0073
텡,tʰeŋ,U+D161,U+0074 U+02B0 U+0065 U+014B
톄,tʰje,U+D184,U+0074 U+02B0 U+006A U+0065
톈,tʰjen,U+D188,U+0074 U+02B0 U+006A U+0065 U+006E
토,tʰo,U+D1A0,U+0074 U+02B0 U+006F
톡,tʰok,U+D1A1,U+0074 U+02B0 U+006F U+006B
톤,tʰon,U+D1A4,U+0074 U+02B0 U+006F U+006E
톨,tʰol,U+D1A8,U+0074 U+02B0 U+006F U+006C
톰,tʰom,U+D1B0,U+0074 U+02B0 U+006F U+006D
톱,tʰop,U+D1B1,U+0074 U+02B0 U+006F U+0070
톳,tʰos,U+D1B3,U+0074 U+02B0 U+006F U+0073
통,tʰoŋ,U+D1B5,U+0074 U+02B0 U+006F U+014B
톹,tʰotʰ,U+D1B9,U+0074 U+02B0 U+006F U+0074 U+02B0
톺,tʰopʰ,U+D1BA,U+0074 U+02B0 U+006F U+0070 U+02B0
퇘,tʰwɛ,U+D1D8,U+0074 U+02B0 U+0077 U+025B
퇴,tʰø,U+D1F4,U+0074 U+02B0 U+00F8
툇,tʰøs,U+D207,U+0074 U+02B0 U+00F8 U+0073
툠,tʰjom,U+D220,U+0074 U+02B0 U+006A U+006F U+006D
투,tʰu,U+D22C,U+0074 U+02B0 U+0075
툭,tʰuk,U+D22D,U+0074 U+02B0 U+0075 U+006B
툰,tʰun,U+D230,U+0074 U+02B0 U+0075 U+006E
툴,tʰul,U+D234,U+0074 U+02B0 U+0075 U+006C
툼,tʰum,U+D23C,U+0074 U+02B0 U+0075 U+006D
툽,tʰup,U+D23D,U+0074 U+02B0 U+0075 U+0070
툿,tʰus,U+D23F,U+0074 U+02B0 U+0075 U+0073
퉁,tʰuŋ,U+D241,U+0074 U+02B0 U+0075 U+014B
퉈,tʰwʌ,U+D248,U+0074 U+02B0 U+0077 U+028C
퉤,tʰwe,U+D264,U+0074 U+02B0 U+0077 U+0065
튀,tʰwi,U+D280,U+0074 U+02B0 U+0077 U+0069
튈,tʰwil,U+D288,U+0074 U+02B0 U+0077 U+0069 U+006C
튐,tʰwim,U+D290,U+0074 U+02B0 U+0077 U+0069 U+006D
튕,tʰwiŋ,U+D295,U+0074 U+02B0 U+0077 U+0069 U+014B
튜,tʰju,U+D29C,U+0074 U+02B0 U+006A U+0075
튠,tʰjun,U+D2A0,U+0074 U+02B0 U+006A U+0075 U+006E
튤,tʰjul,U+D2A4,U+0074 U+02B0 U+006A U+0075 U+006C
튬,tʰjum,U+D2AC,U+0074 U+02B0 U+006A U+0075 U+006D
트,tʰɨ,U+D2B8,U+0074 U+02B0 U+0268
특,tʰɨk,U+D2B9,U+0074 U+02B0 U+0268 U+006B
튼,tʰɨn,U+D2BC,U+0074 U+02B0 U+0268 U+006E
튿,tʰɨt,U+D2BF,U+0074 U+02B0 U+0268 U+0074
틀,tʰɨl,U+D2C0,U+0074 U+02B0 U+0268 U+006C
틈,tʰɨm,U+D2C8,U+0074 U+02B0 U+0268 U+006D
틉,tʰɨp,U+D2C9,U+0074 U+02B0 U+0268 U+0070
틋,tʰɨs,U+D2CB,U+0074 U+02B0 U+0268 U+0073
틔,tʰɨi,U+D2D4,U+0074 U+02B0 U+0268 U+0069
틤,tʰɨim,U+D2E4,U+0074 U+02B0 U+0268 U+0069 U+006D
티,tʰi,U+D2F0,U+0074 U+02B0 U+0069
틱,tʰik,U+D2F1,U+0074 U+02B0 U+0069 U+006B
틴,tʰin,U+D2F4,U+0074 U+02B0 U+0069 U+006E
틸,tʰil,U+D2F8,U+0074 U+02B0 U+0069 U+006C
팀,tʰim,U+D300,U+0074 U+02B0 U+0069 U+006D
팁,tʰip,U+D301,U+0074 U+02B0 U+0069 U+0070
팃,tʰis,U+D303,U+0074 U+02B0 U+0069 U+0073
팅,tʰiŋ,U+D305,U+0074 U+02B0 U+0069 U+014B
파,pʰa,U+D30C,U+0070 U+02B0 U+0061
팍,pʰak,U+D30D,U+0070 U+02B0 U+0061 U+006B
팎,pʰak͈,U+D30E,U+0070 U+02B0 U+0061 U+006B U+0348
판,pʰan,U+D310,U+0070 U+02B0 U+0061 U+006E
팔,pʰal,U+D314,U+0070 U+02B0 U+0061 U+006C
팜,pʰam,U+D31C,U+0070 U+02B0 U+0061 U+006D
팝,pʰap,U+D31D,U+0070 U+02B0 U+0061 U+0070
팟,pʰas,U+D31F,U+0070 U+02B0 U+0061 U+0073
팡,pʰaŋ,U+D321,U+0070 U+02B0 U+0061 U+014B
팥,pʰatʰ,U+D325,U+0070 U+02B0 U+0061 U+0074 U+02B0
패,pʰɛ,U+D328,U+0070 U+02B0 U+025B
팩,pʰɛk,U+D329,U+0070 U+02B0 U+025B U+006B
팬,pʰɛn,U+D32C,U+0070 U+02B0 U+025B U+006E
팰,pʰɛl,U+D330,U+0070 U+02B0 U+025B U+006C
팸,pʰɛm,U+D338,U+0070 U+02B0 U+025B U+006D
팻,pʰɛs,U+D33B,U+0070 U+02B0 U+025B U+0073
팽,pʰɛŋ,U+D33D,U+0070 U+02B0 U+025B U+014B
퍄,pʰja,U+D344,U+0070 U+02B0 U+006A U+0061
퍅,pʰjak,U+D345,U+0070 U+02B0 U+006A U+0061 U+006B
퍙,pʰjaŋ,U+D359,U+0070 U+02B0 U+006A U+0061 U+014B
퍼,pʰʌ,U+D37C,U+0070 U+02B0 U+028C
퍽,pʰʌk,U+D37D,U+0070 U+02B0 U+028C U+006B
펀,pʰʌn,U+D380,U+0070 U+02B0 U+028C U+006E
펄,pʰʌl,U+D384,U+0070 U+02B0 U+028C U+006C
펌,pʰʌm,U+D38C,U+0070 U+02B0 U+028C U+006D
펑,pʰʌŋ,U+D391,U+0070 U+02B0 U+028C U+014B
페,pʰe,U+D398,U+0070 U+02B0 U+0065
펙,pʰek,U+D399,U+0070 U+02B0 U+0065 U+006B
펜,pʰen,U+D39C,U+0070 U+02B0 U+0065 U+006E
펠,pʰel,U+D3A0,U+0070 U+02B0 U+0065 U+006C
펩,pʰep,U+D3A9,U+0070 U+02B0 U+0065 U+0070
펫,pʰes,U+D3AB,U+0070 U+02B0 U+0065 U+0073
펭,pʰeŋ,U+D3AD,U+0070 U+02B0 U+0065 U+014B
펴,pʰjʌ,U+D3B4,U+0070 U+02B0 U+006A U+028C
편,pʰjʌn,U+D3B8,U+0070 U+02B0 U+006A U+028C U+006E
펼,pʰjʌl,U+D3BC,U+0070 U+02B0 U+006A U+028C U+006C
폄,pʰjʌm,U+D3C4,U+0070 U+02B0 U+006A U+028C U+006D
평,pʰjʌŋ,U+D3C9,U+0070 U+02B0 U+006A U+028C U+014B
폐,pʰje,U+D3D0,U+0070 U+02B0 U+006A U+0065
포,pʰo,U+D3EC,U+0070 U+02B0 U+006F
폭,pʰok,U+D3ED,U+0070 U+02B0 U+006F U+006B
폰,pʰon,U+D3F0,U+0070 U+02B0 U+006F U+006E
폴,pʰol,U+D3F4,U+0070 U+02B0 U+006F U+006C
폼,pʰom,U+D3FC,U+0070 U+02B0 U+006F U+006D
폿,pʰos,U+D3FF,U+0070 U+02B0 U+006F U+0073
퐁,pʰoŋ,U+D401,U+0070 U+02B0 U+006F U+014B
푀,pʰø,U+D440,U+0070 U+02B0 U+00F8
푄,pʰøn,U+D444,U+0070 U+02B0 U+00F8 U+006E
표,pʰjo,U+D45C,U+0070 U+02B0 U+006A U+006F
푯,pʰjos,U+D46F,U+0070 U+02B0 U+006A U+006F U+0073
푸,pʰu,U+D478,U+0070 U+02B0 U+0075
푹,pʰuk,U+D479,U+0070 U+02B0 U+0075 U+006B
푼,pʰun,U+D47C,U+0070 U+02B0 U+0075 U+006E
푿,pʰut,U+D47F,U+0070 U+02B0 U+0075 U+0074
풀,pʰul,U+D480,U+0070 U+02B0 U+0075 U+006C
풂,pʰulm,U+D482,U+0070 U+02B0 U+0075 U+006C U+006D
품,pʰum,U+D488,U+0070 U+02B0 U+0075 U+006D
풋,pʰus,U+D48B,U+0070 U+02B0 U+0075 U+0073
풍,pʰuŋ,U+D48D,U+0070 U+02B0 U+0075 U+014B
퓌,pʰwi,U+D4CC,U+0070 U+02B0 U+0077 U+0069
퓐,pʰwin,U+D4D0,U+0070 U+02B0 U+0077 U+0069 U+006E
퓔,pʰwil,U+D4D4,U+0070 U+02B0 U+0077 U+0069 U+006C
퓨,pʰju,U+D4E8,U+0070 U+02B0 U+006A U+0075
퓰,pʰjul,U+D4F0,U+0070 U+02B0 U+006A U+0075 U+006C
퓸,pʰjum,U+D4F8,U+0070 U+02B0 U+006A U+0075 U+006D
프,pʰɨ,U+D504,U+0070 U+02B0 U+0268
픈,pʰɨn,U+D508,U+0070 U+02B0 U+0268 U+006E
플,pʰɨl,U+D50C,U+0070 U+02B0 U+0268 U+006C
픔,pʰɨm,U+D514,U+0070 U+02B0 U+0268 U+006D
픗,pʰɨs,U+D517,U+0070 U+02B0 U+0268 U+0073
픠,pʰɨi,U+D520,U+0070 U+02B0 U+0268 U+0069
피,pʰi,U+D53C,U+0070 U+02B0 U+0069
픽,pʰik,U+D53D,U+0070 U+02B0 U+0069 U+006B
핀,pʰin,U+D540,U+0070 U+02B0 U+0069 U+006E
필,pʰil,U+D544,U+0070 U+02B0 U+0069 U+006C
핌,pʰim,U+D54C,U+0070 U+02B0 U+0069 U+006D
핍,pʰip,U+D54D,U+0070 U+02B0 U+0069 U+0070
핏,pʰis,U+D54F,U+0070 U+02B0 U+0069 U+0073
핑,pʰiŋ,U+D551,U+0070 U+02B0 U+0069 U+014B
하,ha,U+D558,U+0068 U+0061
학,hak,U+D559,U+0068 U+0061 U+006B
한,han,U+D55C,U+0068 U+0061 U+006E
할,hal,U+D560,U+0068 U+0061 U+006C
핥,haltʰ,U+D565,U+0068 U+0061 U+006C U+0074 U+02B0
함,ham,U+D568,U+0068 U+0061 U+006D
합,hap,U+D569,U+0068 U+0061 U+0070
핫,has,U+D56B,U+0068 U+0061 U+0073
항,haŋ,U+D56D,U+0068 U+0061 U+014B
해,hɛ,U+D574,U+0068 U+025B
핵,hɛk,U+D575,U+0068 U+025B U+006B
핸,hɛn,U+D578,U+0068 U+025B U+006E
핼,hɛl,U+D57C,U+0068 U+025B U+006C
햄,hɛm,U+D584,U+0068 U+025B U+006D
햅,hɛp,U+D585,U+0068 U+025B U+0070
햇,hɛs,U+D587,U+0068 U+025B U+0073
행,hɛŋ,U+D589,U+0068 U+025B U+014B
향,hjaŋ,U+D5A5,U+0068 U+006A U+0061 U+014B
허,hʌ,U+D5C8,U+0068 U+028C
헉,hʌk,U+D5C9,U+0068 U+028C U+006B
헌,hʌn,U+D5CC,U+0068 U+028C U+006E
헐,hʌl,U+D5D0,U+0068 U+028C U+006C
헗,hʌlh,U+D5D7,U+0068 U+028C U+006C U+0068
험,hʌm,U+D5D8,U+0068 U+028C U+006D
헙,hʌp,U+D5D9,U+0068 U+028C U+0070
헛,hʌs,U+D5DB,U+0068 U+028C U+0073
헝,hʌŋ,U+D5DD,U+0068 U+028C U+014B
헤,he,U+D5E4,U+0068 U+0065
헥,hek,U+D5E5,U+0068 U+0065 U+006B
헨,hen,U+D5E8,U+0068 U+0065 U+006E
헬,hel,U+D5EC,U+0068 U+0065 U+006C
헴,hem,U+D5F4,U+0068 U+0065 U+006D
헵,hep,U+D5F5,U+0068 U+0065 U+0070
헷,hes,U+D5F7,U+0068 U+0065 U+0073
헹,heŋ,U+D5F9,U+0068 U+0065 U+014B
혀,hjʌ,U+D600,U+0068 U+006A U+028C
혁,hjʌk,U+D601,U+0068 U+006A U+028C U+006B
현,hjʌn,U+D604,U+0068 U+006A U+028C U+006E
혈,hjʌl,U+D608,U+0068 U+006A U+028C U+006C
혐,hjʌm,U+D610,U+0068 U+006A U+028C U+006D
협,hjʌp,U+D611,U+0068 U+006A U+028C U+0070
혓,hjʌs,U+D613,U+0068 U+006A U+028C U+0073
형,hjʌŋ,U+D615,U+0068 U+006A U+028C U+014B
혜,hje,U+D61C,U+0068 U+006A U+0065
혯,hjes,U+D62F,U+0068 U+006A U+0065 U+0073
호,ho,U+D638,U+0068 U+006F
혹,hok,U+D639,U+0068 U+006F U+006B
혼,hon,U+D63C,U+0068 U+006F U+006E
홀,hol,U+D640,U+0068 U+006F U+006C
홅,holtʰ,U+D645,U+0068 U+006F U+006C U+0074 U+02B0
홈,hom,U+D648,U+0068 U+006F U+006D
홉,hop,U+D649,U+0068 U+006F U+0070
홋,hos,U+D64B,U+0068 U+006F U+0073
홍,hoŋ,U+D64D,U+0068 U+006F U+014B
홑,hotʰ,U+D651,U+0068 U+006F U+0074 U+02B0
화,hwa,U+D654,U+0068 U+0077 U+0061
확,hwak,U+D655,U+0068 U+0077 U+0061 U+006B
환,hwan,U+D658,U+0068 U+0077 U+0061 U+006E
활,hwal,U+D65C,U+0068 U+0077 U+0061 U+006C
홧,hwas,U+D667,U+0068 U+0077 U+0061 U+0073
황,hwaŋ,U+D669,U+0068 U+0077 U+0061 U+014B
홰,hwɛ,U+D670,U+0068 U+0077 U+025B
홱,hwɛk,U+D671,U+0068 U+0077 U+025B U+006B
횃,hwɛs,U+D683,U+0068 U+0077 U+025B U+0073
횅,hwɛŋ,U+D685,U+0068 U+0077 U+025B U+014B
회,hø,U+D68C,U+0068 U+00F8
획,høk,U+D68D,U+0068 U+00F8 U+006B
횔,høl,U+D694,U+0068 U+00F8 U+006C
횟,høs,U+D69F,U+0068 U+00F8 U+0073
횡,høŋ,U+D6A1,U+0068 U+00F8 U+014B
효,hjo,U+D6A8,U+0068 U+006A U+006F
횻,hjos,U+D6BB,U+0068 U+006A U+006F U+0073
후,hu,U+D6C4,U+0068 U+0075
훅,huk,U+D6C5,U+0068 U+0075 U+006B
훈,hun,U+D6C8,U+0068 U+0075 U+006E
훌,hul,U+D6CC,U+0068 U+0075 U+006C
훑,hultʰ,U+D6D1,U+0068 U+0075 U+006C U+0074 U+02B0
훔,hum,U+D6D4,U+0068 U+0075 U+006D
훗,hus,U+D6D7,U+0068 U+0075 U+0073
훙,huŋ,U+D6D9,U+0068 U+0075 U+014B
훤,hwʌn,U+D6E4,U+0068 U+0077 U+028C U+006E
훨,hwʌl,U+D6E8,U+0068 U+0077 U+028C U+006C
훼,hwe,U+D6FC,U+0068 U+0077 U+0065
휑,hweŋ,U+D711,U+0068 U+0077 U+0065 U+014B
휘,hwi,U+D718,U+0068 U+0077 U+0069
휙,hwik,U+D719,U+0068 U+0077 U+0069 U+006B
휜,hwin,U+D71C,U+0068 U+0077 U+0069 U+006E
휠,hwil,U+D720,U+0068 U+0077 U+0069 U+006C
휨,hwim,U+D728,U+0068 U+0077 U+0069 U+006D
휩,hwip,U+D729,U+0068 U+0077 U+0069 U+0070
휫,hwis,U+D72B,U+0068 U+0077 U+0069 U+0073
휭,hwiŋ,U+D72D,U+0068 U+0077 U+0069 U+014B
휴,hju,U+D734,U+0068 U+006A U+0075
휵,hjuk,U+D735,U+0068 U+006A U+0075 U+006B
휼,hjul,U+D73C,U+0068 U+006A U+0075 U+006C
흄,hjum,U+D744,U+0068 U+006A U+0075 U+006D
흉,hjuŋ,U+D749,U+0068 U+006A U+0075 U+014B
흐,hɨ,U+D750,U+0068 U+0268
흑,hɨk,U+D751,U+0068 U+0268 U+006B
흔,hɨn,U+D754,U+0068 U+0268 U+006E
흗,hɨt,U+D757,U+0068 U+0268 U+0074
흘,hɨl,U+D758,U+0068 U+0268 U+006C
흙,hɨlk,U+D759,U+0068 U+0268 U+006C U+006B
흠,hɨm,U+D760,U+0068 U+0268 U+006D
흡,hɨp,U+D761,U+0068 U+0268 U+0070
흣,hɨs,U+D763,U+0068 U+0268 U+0073
흥,hɨŋ,U+D765,U+0068 U+0268 U+014B
흩,hɨtʰ,U+D769,U+0068 U+0268 U+0074 U+02B0
희,hɨi,U+D76C,U+0068 U+0268 U+0069
흭,hɨik,U+D76D,U+0068 U+0268 U+0069 U+006B
흰,hɨin,U+D770,U+0068 U+0268 U+0069 U+006E
힁,hɨiŋ,U+D781,U+0068 U+0268 U+0069 U+014B
히,hi,U+D788,U+0068 U+0069
힉,hik,U+D789,U+0068 U+0069 U+006B
힌,hin,U+D78C,U+0068 U+0069 U+006E
힐,hil,U+D790,U+0068 U+0069 U+006C
힘,him,U+D798,U+0068 U+0069 U+006D
힙,hip,U+D799,U+0068 U+0069 U+0070
힝,hiŋ,U+D79D,U+0068 U+0069 U+014B
